Mode,Seed,N (negatives),Data Selection,Test Set,Metric,Value
class_balanced,0,508,random,Restricted Similarity,auROC,0.3440909090909091
class_balanced,0,508,random,Restricted Similarity,auPR,0.449679074397674
class_balanced,0,508,random,Random (20%),auROC,0.6615501135002543
class_balanced,0,508,random,Random (20%),auPR,0.0664170760222692
class_balanced,0,508,similar,Restricted Similarity,auROC,0.3727272727272727
class_balanced,0,508,similar,Restricted Similarity,auPR,0.4887489923068149
class_balanced,0,508,similar,Random (20%),auROC,0.7189980491146556
class_balanced,0,508,similar,Random (20%),auPR,0.0611738441348543
class_balanced,0,508,diverse,Restricted Similarity,auROC,0.4081818181818181
class_balanced,0,508,diverse,Restricted Similarity,auPR,0.4993073698033323
class_balanced,0,508,diverse,Random (20%),auROC,0.3263031254587346
class_balanced,0,508,diverse,Random (20%),auPR,0.0218998338400681
class_balanced,0,1017,random,Restricted Similarity,auROC,0.2486363636363636
class_balanced,0,1017,random,Restricted Similarity,auPR,0.4567487253893035
class_balanced,0,1017,random,Random (20%),auROC,0.7748578321557815
class_balanced,0,1017,random,Random (20%),auPR,0.1199047026290359
class_balanced,0,1017,similar,Restricted Similarity,auROC,0.475
class_balanced,0,1017,similar,Restricted Similarity,auPR,0.4967761268255743
class_balanced,0,1017,similar,Random (20%),auROC,0.7246400861197806
class_balanced,0,1017,similar,Random (20%),auPR,0.063413386218848
class_balanced,0,1017,diverse,Restricted Similarity,auROC,0.3931818181818182
class_balanced,0,1017,diverse,Restricted Similarity,auPR,0.5232863647797719
class_balanced,0,1017,diverse,Random (20%),auROC,0.3004842110189918
class_balanced,0,1017,diverse,Random (20%),auPR,0.0210663646091021
class_balanced,0,2034,random,Restricted Similarity,auROC,0.3181818181818182
class_balanced,0,2034,random,Restricted Similarity,auPR,0.4311239629012197
class_balanced,0,2034,random,Random (20%),auROC,0.8312851164680679
class_balanced,0,2034,random,Random (20%),auPR,0.2069255149745001
class_balanced,0,2034,similar,Restricted Similarity,auROC,0.4068181818181817
class_balanced,0,2034,similar,Restricted Similarity,auPR,0.5184071198534121
class_balanced,0,2034,similar,Random (20%),auROC,0.7798972647183343
class_balanced,0,2034,similar,Random (20%),auPR,0.0775835366829247
class_balanced,0,2034,diverse,Restricted Similarity,auROC,0.3722727272727272
class_balanced,0,2034,diverse,Restricted Similarity,auPR,0.4939236728231294
class_balanced,0,2034,diverse,Random (20%),auROC,0.312738409039173
class_balanced,0,2034,diverse,Random (20%),auPR,0.0215895289167013
class_balanced,0,4068,random,Restricted Similarity,auROC,0.4213636363636364
class_balanced,0,4068,random,Restricted Similarity,auPR,0.4739652448530407
class_balanced,0,4068,random,Random (20%),auROC,0.8443583884878618
class_balanced,0,4068,random,Random (20%),auPR,0.3128903368992162
class_balanced,0,4068,similar,Restricted Similarity,auROC,0.4854545454545454
class_balanced,0,4068,similar,Restricted Similarity,auPR,0.5315538835651601
class_balanced,0,4068,similar,Random (20%),auROC,0.7985064664296673
class_balanced,0,4068,similar,Random (20%),auPR,0.098639352221819
class_balanced,0,4068,diverse,Restricted Similarity,auROC,0.4472727272727272
class_balanced,0,4068,diverse,Restricted Similarity,auPR,0.5387486573112241
class_balanced,0,4068,diverse,Random (20%),auROC,0.3771947460125988
class_balanced,0,4068,diverse,Random (20%),auPR,0.0273498744923682
class_balanced,0,8136,random,Restricted Similarity,auROC,0.4677272727272727
class_balanced,0,8136,random,Restricted Similarity,auPR,0.4929378731770332
class_balanced,0,8136,random,Random (20%),auROC,0.8859285214331454
class_balanced,0,8136,random,Random (20%),auPR,0.4136489583941859
class_balanced,0,8136,similar,Restricted Similarity,auROC,0.4690909090909091
class_balanced,0,8136,similar,Restricted Similarity,auPR,0.520222951886795
class_balanced,0,8136,similar,Random (20%),auROC,0.831660879962046
class_balanced,0,8136,similar,Random (20%),auPR,0.1177819971852503
class_balanced,0,8136,diverse,Restricted Similarity,auROC,0.4522727272727273
class_balanced,0,8136,diverse,Restricted Similarity,auPR,0.5040022161365663
class_balanced,0,8136,diverse,Random (20%),auROC,0.7651236163499935
class_balanced,0,8136,diverse,Random (20%),auPR,0.3227599312890849
class_balanced,0,16272,random,Restricted Similarity,auROC,0.5086363636363637
class_balanced,0,16272,random,Restricted Similarity,auPR,0.5290260974926233
class_balanced,0,16272,random,Random (20%),auROC,0.8961297157919594
class_balanced,0,16272,random,Random (20%),auPR,0.4539424915919495
class_balanced,0,16272,similar,Restricted Similarity,auROC,0.4131818181818182
class_balanced,0,16272,similar,Restricted Similarity,auPR,0.4890253173923622
class_balanced,0,16272,similar,Random (20%),auROC,0.8561035905225691
class_balanced,0,16272,similar,Random (20%),auPR,0.1508873608381777
class_balanced,0,16272,diverse,Restricted Similarity,auROC,0.5204545454545455
class_balanced,0,16272,diverse,Restricted Similarity,auPR,0.567319735801776
class_balanced,0,16272,diverse,Random (20%),auROC,0.8727201553900387
class_balanced,0,16272,diverse,Random (20%),auPR,0.4773908073802153
class_balanced,0,29950,random,Restricted Similarity,auROC,0.7636363636363637
class_balanced,0,29950,random,Restricted Similarity,auPR,0.7896362834972734
class_balanced,0,29950,random,Random (20%),auROC,0.9189744342538874
class_balanced,0,29950,random,Random (20%),auPR,0.543345223236516
class_balanced,1,508,random,Restricted Similarity,auROC,0.4072727272727272
class_balanced,1,508,random,Restricted Similarity,auPR,0.5000638075338216
class_balanced,1,508,random,Random (20%),auROC,0.8107486974595941
class_balanced,1,508,random,Random (20%),auPR,0.1959667911175022
class_balanced,1,508,similar,Restricted Similarity,auROC,0.355
class_balanced,1,508,similar,Restricted Similarity,auPR,0.4399083333071322
class_balanced,1,508,similar,Random (20%),auROC,0.7152414779073404
class_balanced,1,508,similar,Random (20%),auPR,0.076763147693894
class_balanced,1,508,diverse,Restricted Similarity,auROC,0.4849999999999999
class_balanced,1,508,diverse,Restricted Similarity,auPR,0.5335770154922465
class_balanced,1,508,diverse,Random (20%),auROC,0.3318488946755935
class_balanced,1,508,diverse,Random (20%),auPR,0.0221501459040984
class_balanced,1,1017,random,Restricted Similarity,auROC,0.4527272727272727
class_balanced,1,1017,random,Restricted Similarity,auPR,0.5414258524591458
class_balanced,1,1017,random,Random (20%),auROC,0.8608797492995323
class_balanced,1,1017,random,Random (20%),auPR,0.2351649771886487
class_balanced,1,1017,similar,Restricted Similarity,auROC,0.5004545454545454
class_balanced,1,1017,similar,Restricted Similarity,auPR,0.5204967575397508
class_balanced,1,1017,similar,Random (20%),auROC,0.7674023972274876
class_balanced,1,1017,similar,Random (20%),auPR,0.0795920364181861
class_balanced,1,1017,diverse,Restricted Similarity,auROC,0.514090909090909
class_balanced,1,1017,diverse,Restricted Similarity,auPR,0.5816082101710071
class_balanced,1,1017,diverse,Random (20%),auROC,0.3342210180770695
class_balanced,1,1017,diverse,Random (20%),auPR,0.0230825759930354
class_balanced,1,2034,random,Restricted Similarity,auROC,0.49
class_balanced,1,2034,random,Restricted Similarity,auPR,0.5298935538595527
class_balanced,1,2034,random,Random (20%),auROC,0.874171086475067
class_balanced,1,2034,random,Random (20%),auPR,0.2447811394870439
class_balanced,1,2034,similar,Restricted Similarity,auROC,0.4636363636363636
class_balanced,1,2034,similar,Restricted Similarity,auPR,0.5363416556669165
class_balanced,1,2034,similar,Random (20%),auROC,0.7548609914412086
class_balanced,1,2034,similar,Random (20%),auPR,0.0814595923835781
class_balanced,1,2034,diverse,Restricted Similarity,auROC,0.6063636363636364
class_balanced,1,2034,diverse,Restricted Similarity,auPR,0.618002851320167
class_balanced,1,2034,diverse,Random (20%),auROC,0.3892803424367558
class_balanced,1,2034,diverse,Random (20%),auPR,0.0299960896953885
class_balanced,1,4068,random,Restricted Similarity,auROC,0.6013636363636363
class_balanced,1,4068,random,Restricted Similarity,auPR,0.6369172476155575
class_balanced,1,4068,random,Random (20%),auROC,0.8810943892367293
class_balanced,1,4068,random,Random (20%),auPR,0.2803200296282096
class_balanced,1,4068,similar,Restricted Similarity,auROC,0.5827272727272726
class_balanced,1,4068,similar,Restricted Similarity,auPR,0.5952360093621959
class_balanced,1,4068,similar,Random (20%),auROC,0.8226351099792998
class_balanced,1,4068,similar,Random (20%),auPR,0.1236323526822092
class_balanced,1,4068,diverse,Restricted Similarity,auROC,0.64
class_balanced,1,4068,diverse,Restricted Similarity,auPR,0.6599524464230302
class_balanced,1,4068,diverse,Random (20%),auROC,0.4166459238835596
class_balanced,1,4068,diverse,Random (20%),auPR,0.0590552321246532
class_balanced,1,8136,random,Restricted Similarity,auROC,0.6013636363636363
class_balanced,1,8136,random,Restricted Similarity,auPR,0.6218399465234425
class_balanced,1,8136,random,Random (20%),auROC,0.8944878447290994
class_balanced,1,8136,random,Random (20%),auPR,0.3765590026735931
class_balanced,1,8136,similar,Restricted Similarity,auROC,0.5368181818181819
class_balanced,1,8136,similar,Restricted Similarity,auPR,0.5763547353454841
class_balanced,1,8136,similar,Random (20%),auROC,0.8119443327525354
class_balanced,1,8136,similar,Random (20%),auPR,0.0984053437205989
class_balanced,1,8136,diverse,Restricted Similarity,auROC,0.6040909090909091
class_balanced,1,8136,diverse,Restricted Similarity,auPR,0.608259526337711
class_balanced,1,8136,diverse,Random (20%),auROC,0.7960888684652254
class_balanced,1,8136,diverse,Random (20%),auPR,0.3830875461339345
class_balanced,1,16272,random,Restricted Similarity,auROC,0.6263636363636363
class_balanced,1,16272,random,Restricted Similarity,auPR,0.6451326340908291
class_balanced,1,16272,random,Random (20%),auROC,0.903872624419468
class_balanced,1,16272,random,Random (20%),auPR,0.4758974394593928
class_balanced,1,16272,similar,Restricted Similarity,auROC,0.5081818181818182
class_balanced,1,16272,similar,Restricted Similarity,auPR,0.5625274623265679
class_balanced,1,16272,similar,Random (20%),auROC,0.8587421789070361
class_balanced,1,16272,similar,Random (20%),auPR,0.1355452978477052
class_balanced,1,16272,diverse,Restricted Similarity,auROC,0.7104545454545454
class_balanced,1,16272,diverse,Restricted Similarity,auPR,0.7607435283652397
class_balanced,1,16272,diverse,Random (20%),auROC,0.8816241280053102
class_balanced,1,16272,diverse,Random (20%),auPR,0.4682901128789295
class_balanced,1,29950,random,Restricted Similarity,auROC,0.6627272727272728
class_balanced,1,29950,random,Restricted Similarity,auPR,0.6660515250409883
class_balanced,1,29950,random,Random (20%),auROC,0.9125351297647236
class_balanced,1,29950,random,Random (20%),auPR,0.5192417514826345
class_balanced,2,508,random,Restricted Similarity,auROC,0.3145454545454545
class_balanced,2,508,random,Restricted Similarity,auPR,0.4363053234891796
class_balanced,2,508,random,Random (20%),auROC,0.759449135504624
class_balanced,2,508,random,Random (20%),auPR,0.1168862935430815
class_balanced,2,508,similar,Restricted Similarity,auROC,0.389090909090909
class_balanced,2,508,similar,Restricted Similarity,auPR,0.4785908066898089
class_balanced,2,508,similar,Random (20%),auROC,0.7269856162095808
class_balanced,2,508,similar,Random (20%),auPR,0.0588692815158817
class_balanced,2,508,diverse,Restricted Similarity,auROC,0.4513636363636364
class_balanced,2,508,diverse,Restricted Similarity,auPR,0.4966043523644573
class_balanced,2,508,diverse,Random (20%),auROC,0.3224609237878236
class_balanced,2,508,diverse,Random (20%),auPR,0.0218045865117085
class_balanced,2,1017,random,Restricted Similarity,auROC,0.5509090909090909
class_balanced,2,1017,random,Restricted Similarity,auPR,0.567576162614818
class_balanced,2,1017,random,Random (20%),auROC,0.8392327935954796
class_balanced,2,1017,random,Random (20%),auPR,0.2077958317275562
class_balanced,2,1017,similar,Restricted Similarity,auROC,0.4204545454545454
class_balanced,2,1017,similar,Restricted Similarity,auPR,0.4690238910527521
class_balanced,2,1017,similar,Random (20%),auROC,0.6798223779526554
class_balanced,2,1017,similar,Random (20%),auPR,0.0594682617557322
class_balanced,2,1017,diverse,Restricted Similarity,auROC,0.5349999999999999
class_balanced,2,1017,diverse,Restricted Similarity,auPR,0.5730442044979022
class_balanced,2,1017,diverse,Random (20%),auROC,0.3639268109513385
class_balanced,2,1017,diverse,Random (20%),auPR,0.0243603128300737
class_balanced,2,2034,random,Restricted Similarity,auROC,0.5495454545454546
class_balanced,2,2034,random,Restricted Similarity,auPR,0.5600563981655995
class_balanced,2,2034,random,Random (20%),auROC,0.8599452603272466
class_balanced,2,2034,random,Random (20%),auPR,0.2610366446612789
class_balanced,2,2034,similar,Restricted Similarity,auROC,0.5131818181818182
class_balanced,2,2034,similar,Restricted Similarity,auPR,0.566724676670528
class_balanced,2,2034,similar,Random (20%),auROC,0.7795778790451088
class_balanced,2,2034,similar,Random (20%),auPR,0.083403720695679
class_balanced,2,2034,diverse,Restricted Similarity,auROC,0.520909090909091
class_balanced,2,2034,diverse,Restricted Similarity,auPR,0.5777323978500561
class_balanced,2,2034,diverse,Random (20%),auROC,0.3772840995398293
class_balanced,2,2034,diverse,Random (20%),auPR,0.025939338144809
class_balanced,2,4068,random,Restricted Similarity,auROC,0.5731818181818182
class_balanced,2,4068,random,Restricted Similarity,auPR,0.5861273028601125
class_balanced,2,4068,random,Random (20%),auROC,0.851164148811917
class_balanced,2,4068,random,Random (20%),auPR,0.3331837586548052
class_balanced,2,4068,similar,Restricted Similarity,auROC,0.5209090909090909
class_balanced,2,4068,similar,Restricted Similarity,auPR,0.5772813700009384
class_balanced,2,4068,similar,Random (20%),auROC,0.7809705707775672
class_balanced,2,4068,similar,Random (20%),auPR,0.0806021348542309
class_balanced,2,4068,diverse,Restricted Similarity,auROC,0.5972727272727272
class_balanced,2,4068,diverse,Restricted Similarity,auPR,0.6476191126706192
class_balanced,2,4068,diverse,Random (20%),auROC,0.3706331122897267
class_balanced,2,4068,diverse,Random (20%),auPR,0.0236605159640392
class_balanced,2,8136,random,Restricted Similarity,auROC,0.6813636363636364
class_balanced,2,8136,random,Restricted Similarity,auPR,0.6576943592075913
class_balanced,2,8136,random,Random (20%),auROC,0.8820863197622344
class_balanced,2,8136,random,Random (20%),auPR,0.3883427753886642
class_balanced,2,8136,similar,Restricted Similarity,auROC,0.5472727272727272
class_balanced,2,8136,similar,Restricted Similarity,auPR,0.5596732451404091
class_balanced,2,8136,similar,Random (20%),auROC,0.8121714396342463
class_balanced,2,8136,similar,Random (20%),auPR,0.097530988303797
class_balanced,2,8136,diverse,Restricted Similarity,auROC,0.6845454545454547
class_balanced,2,8136,diverse,Restricted Similarity,auPR,0.6631308450094359
class_balanced,2,8136,diverse,Random (20%),auROC,0.7556941598960095
class_balanced,2,8136,diverse,Random (20%),auPR,0.2863002320738592
class_balanced,2,16272,random,Restricted Similarity,auROC,0.7045454545454545
class_balanced,2,16272,random,Restricted Similarity,auPR,0.660939385909762
class_balanced,2,16272,random,Random (20%),auROC,0.915888014500801
class_balanced,2,16272,random,Random (20%),auPR,0.4284740387486568
class_balanced,2,16272,similar,Restricted Similarity,auROC,0.5627272727272727
class_balanced,2,16272,similar,Restricted Similarity,auPR,0.6418121340438538
class_balanced,2,16272,similar,Random (20%),auROC,0.8577228572705051
class_balanced,2,16272,similar,Random (20%),auPR,0.1506150813707966
class_balanced,2,16272,diverse,Restricted Similarity,auROC,0.7504545454545455
class_balanced,2,16272,diverse,Restricted Similarity,auPR,0.7373087603040303
class_balanced,2,16272,diverse,Random (20%),auROC,0.8898388019819463
class_balanced,2,16272,diverse,Random (20%),auPR,0.4499400638003308
class_balanced,2,29950,random,Restricted Similarity,auROC,0.7109090909090909
class_balanced,2,29950,random,Restricted Similarity,auPR,0.7235197553264263
class_balanced,2,29950,random,Random (20%),auROC,0.918907950974698
class_balanced,2,29950,random,Random (20%),auPR,0.5277688368849265
