SMILES,tanimoto similarity to closest train set,closest train set smiles,closest train set name,tanimoto similarity to closest abx,closest abx smiles,closest abx name,smiles,hit,hit_epi_unc,Name,PROJECT_CODE,PROJECT_NAME,CXSMILES,STEREO_COMMENTS,row_num
ClC1=C(N2CCOCC2)C(=O)N(C1=O)c1ccc(c(c1)Cl)Cl,0.4741293532338308,C=C(NC(=O)C(=C)NC(=O)c1csc(C2=NC3c4csc(n4)C4NC(=O)c5csc(n5)C(C(C)(O)C(C)O)NC(=O)C5CSC(=N5)C(=CC)NC(=O)C(C(C)O)NC(=O)c5csc(n5)C3(CC2)NC(=O)C(C)NC(=O)C(=C)NC(=O)C(C)NC(=O)C(C(C)CC)NC2C=Cc3c(C(C)O)cc(nc3C2O)C(=O)OC4C)n1)C(N)=O,THIOSTREPTON,0.4702868852459016,CN(C)[C@@H]1C(O)=C(C(=O)NCN[C@@H](C(=O)N[C@@H]2C(=O)N3[C@@H](C(=O)O)C(C)(C)S[C@H]23)c2ccccc2)C(=O)[C@@]2(O)C(O)=C3C(=O)c4c(O)cccc4[C@@](C)(O)[C@H]3C[C@@H]12,PENIMOCYCLINE,ClC1=C(N2CCOCC2)C(=O)N(C1=O)c1ccc(c(c1)Cl)Cl,0.8060616081953049,0.0202118410698668,BRD-K79555887,7161,Repurposing,ClC1=C(N2CCOCC2)C(=O)N(C1=O)c1ccc(Cl)c(Cl)c1 |c:1|,as drawn,0
CCCCNCCCCCOc1ccc(cc1Cl)Cl,0.373134328358209,Oc1c(Cl)c(Cl)c(Cl)c(Cl)c1Cl,PENTACHLOROPHENOL,0.4809384164222874,CCCCCCCCCCCC[N+](C)(C)CCOc1ccc(Cl)cc1,DODECLONIUM,CCCCNCCCCCOc1ccc(cc1Cl)Cl,0.7931732469797135,0.0206697213454532,BRD-K03274079,7120,TPG TB Cpds,CCCCNCCCCCOc1ccc(Cl)cc1Cl,as drawn,1
O[Bi]1Oc2cc(cc(c2O1)O)C(=O)O,0.3971486761710794,OC(=O)c1ccc(cc1O)O,BRD-K95601433,0.2787318361955085,COc1cc(Cc2cnc(N)nc2N)cc(OC)c1OC,TRIMETHOPRIM,O[Bi]1Oc2cc(cc(c2O1)O)C(=O)O,0.7802237820625305,0.0729980277419468,BRD-K65978409,7161,Repurposing,O[Bi]1Oc2cc(cc(O)c2O1)C(O)=O,as drawn,2
OC(=O)c1ccccc1Nc1ccc(cc1)CCc1ccc(c(c1)Cl)Cl,0.644524236983842,Cc1c(Cl)cccc1Nc1ccccc1C(=O)O,TOLFENAMIC ACID,0.2836422240128928,CC(C)=CCC/C(C)=C/CC/C(C)=C/CN1C(=O)c2cccc(O)c2Nc2c(O)cc(O)cc21,DIAZEPINOMICIN,OC(=O)c1ccccc1Nc1ccc(cc1)CCc1ccc(c(c1)Cl)Cl,0.7543693232536316,0.0182539636354375,BRD-K34657753,7161,Repurposing,OC(=O)c1ccccc1Nc1ccc(CCc2ccc(Cl)c(Cl)c2)cc1,as drawn,3
C[C@@H](NC(=O)c1ncnc(c1Cl)N)c1ncc(s1)C(=O)Nc1cc(c(cn1)Cl)C(F)(F)F,0.5912698412698413,C=C(NC(=O)C(=C)NC(=O)c1csc(C2=NC3c4csc(n4)C4NC(=O)c5csc(n5)C(C(C)(O)C(C)O)NC(=O)C5CSC(=N5)C(=CC)NC(=O)C(C(C)O)NC(=O)c5csc(n5)C3(CC2)NC(=O)C(C)NC(=O)C(=C)NC(=O)C(C)NC(=O)C(C(C)CC)NC2C=Cc3c(C(C)O)cc(nc3C2O)C(=O)OC4C)n1)C(N)=O,THIOSTREPTON,0.5809716599190283,CNC(=O)C[C@@H]1NC(=O)c2csc(n2)-c2ccc(-c3nc(C4=N[C@H](C(=O)N5CCC[C@H]5C(N)=O)CO4)cs3)nc2-c2csc(n2)-c2csc(n2)C(C(O)c2ccccc2)NC(=O)CNC(=O)c2nc(sc2COC)[C@H](C(C)C)NC(=O)c2nc1sc2C,,C[C@@H](NC(=O)c1ncnc(c1Cl)N)c1ncc(s1)C(=O)Nc1cc(c(cn1)Cl)C(F)(F)F,0.7448010289669037,0.016774782921439,BRD-K43410529,7161,Repurposing,C[C@@H](NC(=O)c1ncnc(N)c1Cl)c1ncc(s1)C(=O)Nc1cc(c(Cl)cn1)C(F)(F)F,as drawn,4
O=C(O[Cr](OC(=O)c1ccccn1)OC(=O)c1ccccn1)c1ccccn1,0.2581699346405229,Cc1ccc2c(c([nH]c2c1)C(=O)O)Sc1ccc(cc1)Cl,BRD-K83915455-001-01-2,0.1950171821305842,CCn1cc(C(=O)O)c(=O)c2cc(F)c(N3CCNCC3)cc21,NORFLOXACIN,O=C(O[Cr](OC(=O)c1ccccn1)OC(=O)c1ccccn1)c1ccccn1,0.7264638110995293,0.0397528058420124,BRD-K01029106,7161,Repurposing,O=C(O[Cr](OC(=O)c1ccccn1)OC(=O)c1ccccn1)c1ccccn1,as drawn,5
CCN1C=C(C(=O)c2cc(c(cc21)N1CCOCC1)F)S(=O)(=O)c1ccc(cc1)C,0.6499682942295498,CN1CCN(c2c(F)cc3c(=O)c(C(=O)O)cn4c3c2SCC4)CC1,RUFLOXACIN HYDROCHLORIDE,0.6499682942295498,CN1CCN(c2c(F)cc3c(=O)c(C(=O)O)cn4c3c2SCC4)CC1,RUFLOXACIN,CCN1C=C(C(=O)c2cc(c(cc21)N1CCOCC1)F)S(=O)(=O)c1ccc(cc1)C,0.7162638521194458,0.0380841096625863,BRD-K14734679,2001,General HTS Sets,CCn1cc(c(=O)c2cc(F)c(cc12)N1CCOCC1)S(=O)(=O)c1ccc(C)cc1,as drawn,6
COc1cc2c(cc1Cc1cccc(c1F)Cl)C(=O)C(=CN2[C@H](CO)C(C)C)C(=O)O,0.6906077348066298,CCn1cc(C(=O)[O-])c(=O)c2cc3c(cc21)OCO3.[K+],OXOLINIC ACID,0.6468005018820577,C[C@H]1COc2c(C3(N)CC3)c(F)cc3c(=O)c(C(=O)O)cn1c23,PAZUFLOXACIN,COc1cc2c(cc1Cc1cccc(c1F)Cl)C(=O)C(=CN2[C@H](CO)C(C)C)C(=O)O,0.7138901436328888,0.0290029340744117,BRD-K54472332,7133,TPG MUC1 HCS,COc1cc2n(cc(C(O)=O)c(=O)c2cc1Cc1cccc(Cl)c1F)[C@H](CO)C(C)C,as drawn,7
ClC1=C(N2CCN(CC2)c2ccccc2)C(=O)N(C1=O)c1cc(ccc1Cl)Cl,0.4935323383084577,C=C(NC(=O)C(=C)NC(=O)c1csc(C2=NC3c4csc(n4)C4NC(=O)c5csc(n5)C(C(C)(O)C(C)O)NC(=O)C5CSC(=N5)C(=CC)NC(=O)C(C(C)O)NC(=O)c5csc(n5)C3(CC2)NC(=O)C(C)NC(=O)C(=C)NC(=O)C(C)NC(=O)C(C(C)CC)NC2C=Cc3c(C(C)O)cc(nc3C2O)C(=O)OC4C)n1)C(N)=O,THIOSTREPTON,0.4879795396419437,CN(C)[C@@H]1C(O)=C(C(=O)NCN[C@@H](C(=O)N[C@@H]2C(=O)N3[C@@H](C(=O)O)C(C)(C)S[C@H]23)c2ccccc2)C(=O)[C@@]2(O)C(O)=C3C(=O)c4c(O)cccc4[C@@](C)(O)[C@H]3C[C@@H]12,PENIMOCYCLINE,ClC1=C(N2CCN(CC2)c2ccccc2)C(=O)N(C1=O)c1cc(ccc1Cl)Cl,0.7123882710933686,0.0299673675376745,BRD-K88065037,2001,General HTS Sets,ClC1=C(N2CCN(CC2)c2ccccc2)C(=O)N(C1=O)c1cc(Cl)ccc1Cl |c:1|,as drawn,8
Nc1nnc(s1)S[C@H]1CCN(C1=O)c1ccc(c(c1)F)Cl,0.4041353383458647,OC[C@H]1CN(C(=O)O1)c1ccc(c(c1)F)OCC1(O)CCN(CC1)c1cc2c(cc1F)C(=O)C(=CN2C1CC1)C(=O)O,BRD-K00003370,0.4041353383458647,O=C(O)c1cn(C2CC2)c2cc(N3CCC(O)(COc4ccc(N5C[C@H](CO)OC5=O)cc4F)CC3)c(F)cc2c1=O,CADAZOLID,Nc1nnc(s1)S[C@H]1CCN(C1=O)c1ccc(c(c1)F)Cl,0.6951236957311631,0.0272188765558662,BRD-A79131674,7159,Calico PRISM,"Nc1nnc(S[C@H]2CCN(C2=O)c2ccc(Cl)c(F)c2)s1 |&1:6,r|",as drawn,9
COc1ccc(c(c1)OC)[C@@H]1C/C=C\C[C@H](NC(=O)CCC(=O)N1)c1ccc2c(c1)OCO2,0.6752730883813307,COc1ccc(c(c1)OC)[C@@H]1C/C=C\C[C@H](NC(=O)[C@H](CC(=O)N1)c1ccccc1)c1cccc(c1)Cl,BRD-K34310565,0.4130170316301703,CNC(CC(C)C)C(=O)NC1C(=O)NC(CC(N)=O)C(=O)NC2C(=O)NC3C(=O)NC(C(=O)N[C@@H](C(=O)O)c4cc(O)c(CN5CCN(Cc6ccc(-c7ccccc7)cc6)CC5)c(O)c4-c4cc3ccc4O)C(O)c3ccc(cc3)Oc3cc2cc(c3O)Oc2ccc(cc2Cl)C1O,,COc1ccc(c(c1)OC)[C@@H]1C/C=C\C[C@H](NC(=O)CCC(=O)N1)c1ccc2c(c1)OCO2,0.6818916821479797,0.0323760004867943,BRD-K31135905,6001,DOS Library Production,COc1ccc([C@@H]2C\C=C/C[C@H](NC(=O)CCC(=O)N2)c2ccc3OCOc3c2)c(OC)c1 |c:8|,as drawn,10
OC1=C(O)C(=O)C(=C2NNC=C2Oc2ccccc2)C=C1,0.4478649453823237,C=C(NC(=O)C(=C)NC(=O)c1csc(C2=NC3c4csc(n4)C4NC(=O)c5csc(n5)C(C(C)(O)C(C)O)NC(=O)C5CSC(=N5)C(=CC)NC(=O)C(C(C)O)NC(=O)c5csc(n5)C3(CC2)NC(=O)C(C)NC(=O)C(=C)NC(=O)C(C)NC(=O)C(C(C)CC)NC2C=Cc3c(C(C)O)cc(nc3C2O)C(=O)OC4C)n1)C(N)=O,THIOSTREPTON,0.4426919032597266,CO[C@H]1/C=C/O[C@@]2(C)Oc3c(C)c(O)c4c(c3C2=O)C2=NC3(CCN(CC(C)C)CC3)NC2=C(NC(=O)/C(C)=C\C=C\[C@H](C)[C@H](O)[C@@H](C)[C@@H](O)[C@@H](C)[C@H](OC(C)=O)[C@@H]1C)C4=O,RIFABUTIN,OC1=C(O)C(=O)C(=C2NNC=C2Oc2ccccc2)C=C1,0.6770650517940521,0.0248705575129692,BRD-K72932691,2001,General HTS Sets,"OC1=C(O)C(=O)C(C=C1)=C1NNC=C1Oc1ccccc1 |c:1,7,13|",as drawn,11
Oc1c(cc(c(c1I)O)I)I,0.2670807453416149,ONC(=O)CCCCCCC(=O)N/N=C/c1cc(cc(c1O)I)I,BRD-K92276243,0.2360248447204969,Oc1ccccc1,PHENOL,Oc1c(cc(c(c1I)O)I)I,0.6692033594846726,0.022601277227,BRD-K48963429,7161,Repurposing,Oc1c(I)cc(I)c(O)c1I,as drawn,12
Oc1c(cc(cc1/C=N/c1ccccc1N1CCCC1)Cl)Cl,0.4015247776365946,Oc1ccccc1C(=O)N/N=C/c1cc(cc(c1O)Cl)Cl,BRD-K82837433-001-01-6,0.3289473684210526,CC(C)=CCC/C(C)=C/CC/C(C)=C/CN1C(=O)c2cccc(O)c2Nc2c(O)cc(O)cc21,DIAZEPINOMICIN,Oc1c(cc(cc1/C=N/c1ccccc1N1CCCC1)Cl)Cl,0.6524133092164993,0.0181316833258697,BRD-K74382790,6002,MLPCN HSV,Oc1c(Cl)cc(Cl)cc1\C=N\c1ccccc1N1CCCC1,as drawn,13
CCCN1C=C(C(=O)c2cc(c(cc21)N1CCN(CC)CC1)F)S(=O)(=O)c1ccc(cc1)C,0.6712132089016511,CCN1CCN(c2cc3c(cc2F)c(=O)c(C(=O)O)cn3C2CC2)CC1,ENROFLOXACIN,0.6649746192893401,CN1CCN(c2c(F)cc3c(=O)c(C(=O)O)cn4c3c2SCC4)CC1,RUFLOXACIN,CCCN1C=C(C(=O)c2cc(c(cc21)N1CCN(CC)CC1)F)S(=O)(=O)c1ccc(cc1)C,0.6498012140393257,0.0434593489085242,BRD-K47418717,2001,General HTS Sets,CCCn1cc(c(=O)c2cc(F)c(cc12)N1CCN(CC)CC1)S(=O)(=O)c1ccc(C)cc1,as drawn,14
Cn1cncc1CN[C@H]1CCN(C1)c1ccc(cc1Cl)Cl,0.3768844221105528,COc1ccc(cc1)N1C(=O)C[C@H](N2CCCN(CC2)[C@@H]2CC(=O)N(C2=O)c2ccc(cc2)OC)C1=O,BRD-A80213576,0.3495989304812834,N[C@@H]1CCCCN(c2c(F)cc3c(=O)c(C(=O)O)cn(C4CC4)c3c2Cl)C1,BESIFLOXACIN,Cn1cncc1CN[C@H]1CCN(C1)c1ccc(cc1Cl)Cl,0.6415338772535324,0.0340938282346556,BRD-A54352781,7159,Calico PRISM,"Cn1cncc1CN[C@H]1CCN(C1)c1ccc(Cl)cc1Cl |&1:8,r|",as drawn,15
Clc1ccc2c(ccnc2c1)N1CCN(CC1)c1ccnc2cc(ccc12)Cl,0.5601851851851852,C(Cc1ccccc1)Nc1ccnc2cc3ccccc3cc12,BRD-K36435942,0.4625,Nc1c2ccccc2nc2ccccc12,aminacrine,Clc1ccc2c(ccnc2c1)N1CCN(CC1)c1ccnc2cc(ccc12)Cl,0.6394836974143981,0.0238866107644638,BRD-K02329297,2001,General HTS Sets,Clc1ccc2c(ccnc2c1)N1CCN(CC1)c1ccnc2cc(Cl)ccc12,as drawn,16
C[C@@H](Oc1cc(cnc1N)-c1cnn(c1)C1CCNCC1)c1c(ccc(c1Cl)F)Cl,0.5341922695738355,C=C(NC(=O)C(=C)NC(=O)c1csc(C2=NC3c4csc(n4)C4NC(=O)c5csc(n5)C(C(C)(O)C(C)O)NC(=O)C5CSC(=N5)C(=CC)NC(=O)C(C(C)O)NC(=O)c5csc(n5)C3(CC2)NC(=O)C(C)NC(=O)C(=C)NC(=O)C(C)NC(=O)C(C(C)CC)NC2C=Cc3c(C(C)O)cc(nc3C2O)C(=O)OC4C)n1)C(N)=O,THIOSTREPTON,0.5297105129507365,CNC(=O)C[C@@H]1NC(=O)c2csc(n2)-c2ccc(-c3nc(C4=N[C@H](C(=O)N5CCC[C@H]5C(N)=O)CO4)cs3)nc2-c2csc(n2)-c2csc(n2)C(C(O)c2ccccc2)NC(=O)CNC(=O)c2nc(sc2COC)[C@H](C(C)C)NC(=O)c2nc1sc2C,,C[C@@H](Oc1cc(cnc1N)-c1cnn(c1)C1CCNCC1)c1c(ccc(c1Cl)F)Cl,0.6362963020801544,0.0195053074231146,BRD-K78431006,5001,CMAP,C[C@@H](Oc1cc(cnc1N)-c1cnn(c1)C1CCNCC1)c1c(Cl)ccc(F)c1Cl,as drawn,17
CN1C=CN=C(N[C@H]2CCN(C2)c2ccc(cc2Cl)Cl)C1=O,0.3926073926073926,C=C(NC(=O)C(=C)NC(=O)c1csc(C2=NC3c4csc(n4)C4NC(=O)c5csc(n5)C(C(C)(O)C(C)O)NC(=O)C5CSC(=N5)C(=CC)NC(=O)C(C(C)O)NC(=O)c5csc(n5)C3(CC2)NC(=O)C(C)NC(=O)C(=C)NC(=O)C(C)NC(=O)C(C(C)CC)NC2C=Cc3c(C(C)O)cc(nc3C2O)C(=O)OC4C)n1)C(N)=O,THIOSTREPTON,0.3898916967509025,CN(C)[C@@H]1C(O)=C(C(=O)NCN[C@@H](C(=O)N[C@@H]2C(=O)N3[C@@H](C(=O)O)C(C)(C)S[C@H]23)c2ccccc2)C(=O)[C@@]2(O)C(O)=C3C(=O)c4c(O)cccc4[C@@](C)(O)[C@H]3C[C@@H]12,PENIMOCYCLINE,CN1C=CN=C(N[C@H]2CCN(C2)c2ccc(cc2Cl)Cl)C1=O,0.6362345260381699,0.029393953441387,BRD-A55764701,7159,Calico PRISM,"Cn1ccnc(N[C@H]2CCN(C2)c2ccc(Cl)cc2Cl)c1=O |&1:7,r|",as drawn,18
Cc1c(cc2c(c1O)CO[C@](O)(CCCO)C2=O)O,0.5325596389426177,C[C@H]1O[C@@H](C[C@@H](N)[C@@H]1O)O[C@H]1C[C@@](O)(Cc2c(c3c(c(c21)O)C(=O)c1c(cccc1C3=O)O)O)C(=O)C,BRD-A76954300,0.4783715012722646,CCc1c(Cl)c(O)c(Cl)c(O)c1C(=O)O[C@H]1[C@H](O)[C@H](OC)[C@H](OC/C2=C\C=C\C[C@H](O)/C(C)=C/[C@H](CC)[C@@H](O[C@@H]3OC(C)(C)[C@@H](OC(=O)C(C)C)[C@H](O)[C@@H]3O)/C(C)=C/C(C)=C/C[C@@H]([C@@H](C)O)OC2=O)O[C@@H]1C,FIDAXOMICIN,Cc1c(cc2c(c1O)CO[C@](O)(CCCO)C2=O)O,0.6343952697515488,0.0367557924978347,BRD-A33359440,2001,General HTS Sets,"Cc1c(O)cc2C(=O)[C@@](O)(CCCO)OCc2c1O |&1:8,r|",as drawn,19
CCCCCCCCCCCCCCCCCCN(CCCCCCCCCCCCCCCCCC)CCCN(CCO)CCO,0.4473684210526316,CCCCCCCCCCCCCCCC[N+](C)(C)C.[Br-],CETRIMONIUM BROMIDE,0.5508474576271186,CCCCCCCCCCCCCCCC[N+](C)(C)CC,MECETRONIUM,CCCCCCCCCCCCCCCCCCN(CCCCCCCCCCCCCCCCCC)CCCN(CCO)CCO,0.6327803674340248,0.0598096593899246,BRD-K26665484,7161,Repurposing,CCCCCCCCCCCCCCCCCCN(CCCCCCCCCCCCCCCCCC)CCCN(CCO)CCO,as drawn,20
CO[C@@H](CN(C)C(=O)c1cc(cc(c1)Cl)Cl)[C@@H](C)CN([C@@H](C)CO)C(=O)Nc1ccc(cc1)F,0.609860664523044,CO[C@@H](CN(C)C(=O)C1CCOCC1)[C@@H](C)CN([C@@H](C)CO)C(=O)Nc1ccc(cc1)C(F)(F)F,BRD-K08472586,0.4078431372549019,CC1=C\[C@@H](O)CC(=O)Cc2nc(co2)C(=O)N2CCC=C2C(=O)O[C@H](C(C)C)[C@H](C)/C=C/C(=O)NC\C=C\1.CC[C@H]1NC(=O)[C@@H](NC(=O)c2ncccc2O)[C@@H](C)OC(=O)[C@H](c2ccccc2)NC(=O)[C@@H]2CC(=O)CCN2C(=O)[C@H](Cc2ccc(N(C)C)cc2)N(C)C(=O)[C@@H]2CCCN2C1=O,MIKAMYCIN,CO[C@@H](CN(C)C(=O)c1cc(cc(c1)Cl)Cl)[C@@H](C)CN([C@@H](C)CO)C(=O)Nc1ccc(cc1)F,0.6282672649621963,0.0396556704530674,BRD-K45339826,6001,DOS Library Production,CO[C@@H](CN(C)C(=O)c1cc(Cl)cc(Cl)c1)[C@@H](C)CN([C@@H](C)CO)C(=O)Nc1ccc(F)cc1,as drawn,21
C[C@H]1CC(=O)N[C@H](C/C=C\C[C@@H](NC1=O)c1ccc2c(c1)OCO2)c1ccccc1,0.5523560209424084,C[C@@H]1CC=CC[C@@H](NC(=O)[C@@H](Cc2ccccc2)N(C)C(=O)c2ccccc2O1)c1ccc2c(c1)OCO2,BRD-M93163052,0.3732660781841109,O=C1NC2C(=O)NC3C(=O)NC4C(=O)NC(C(=O)N[C@@H](C(=O)O)c5cc(O)cc(O)c5-c5cc4ccc5O)C(O)c4ccc(c(Cl)c4)Oc4cc3cc(c4O)Oc3ccc(cc3Cl)CC1NC(=O)C(NC(=O)C13CC4CC(CC(C4)C1)C3)c1ccc(O)c(c1)Oc1cc(O)cc2c1,,C[C@H]1CC(=O)N[C@H](C/C=C\C[C@@H](NC1=O)c1ccc2c(c1)OCO2)c1ccccc1,0.6267303410172462,0.039067423964899,BRD-K65415660,6001,DOS Library Production,C[C@H]1CC(=O)N[C@H](C\C=C/C[C@@H](NC1=O)c1ccc2OCOc2c1)c1ccccc1 |c:8|,as drawn,22
CC(=CCc1c(cc(c2c1OC(=C(O)C2=O)c1ccc(cc1)C(F)(F)F)O)O)C,0.6269571136827774,OC[C@H]1O[C@@H](OC2=C(Oc3cc(cc(c3C2=O)O)O)c2ccc(cc2)O)[C@H](O)[C@@H](O)[C@@H]1O,BRD-K44487476,0.5575539568345323,CO[C@H]1/C=C/O[C@@]2(C)Oc3c(C)c(O)c4c(=O)c(c5oc6cc(N7CCN(CC(C)C)CC7)cc(O)c6nc-5c4c3C2=O)NC(=O)/C(C)=C\C=C\[C@H](C)[C@H](O)[C@@H](C)[C@@H](O)[C@@H](C)[C@H](OC(C)=O)[C@@H]1C,RIFALAZIL,CC(=CCc1c(cc(c2c1OC(=C(O)C2=O)c1ccc(cc1)C(F)(F)F)O)O)C,0.6263289242982865,0.009432012345762,BRD-K75016267,7161,Repurposing,CC(C)=CCc1c(O)cc(O)c2c1oc(c(O)c2=O)-c1ccc(cc1)C(F)(F)F,as drawn,23
Clc1ccc(cc1Cl)CNc1nccc(n1)-c1ccc2n[nH]cc2c1,0.3942537909018356,COc1cc(ccc1Nc1ncc(c(n1)-c1c[nH]c2ccccc12)Cl)N1CCC(N)CC1,BRD-K24593301,0.3305338932213557,CCCCc1ccc(CNCc2c(O)cc3c(c2O)-c2cc(ccc2O)C2NC(=O)C4NC(=O)C5NC(=O)C(Cc6ccc(c(Cl)c6)Oc6cc4cc(c6O)Oc4ccc(cc4Cl)C(O)C(NC2=O)C(=O)N[C@H]3C(=O)O)NC(=O)C(NC(=O)OC(C)(C)C)c2ccc(O)c(c2)Oc2cc(O)cc5c2)cc1,,Clc1ccc(cc1Cl)CNc1nccc(n1)-c1ccc2n[nH]cc2c1,0.6242959678173066,0.0146155404911882,BRD-K73583466,2001,General HTS Sets,Clc1ccc(CNc2nccc(n2)-c2ccc3n[nH]cc3c2)cc1Cl,as drawn,24
CN(C)c1ccc2c(c1)Sc1cc(ccc1N2)N(C)C,0.4722991689750692,CN(C)CCCN1c2ccccc2Sc2ccc(Cl)cc21.Cl,CHLORPROMAZINE HYDROCHLORIDE,0.2670565302144249,Nc1ccc(S(=O)(=O)c2ccc(N)cc2)cc1,DAPSONE,CN(C)c1ccc2c(c1)Sc1cc(ccc1N2)N(C)C,0.6239840894937515,0.0404609577104853,BRD-K27460187,7161,Repurposing,CN(C)c1ccc2Nc3ccc(cc3Sc2c1)N(C)C,as drawn,25
Clc1ccc(c(c1)Cl)C(=O)Nc1ccc(c(c1)Cl)Cl,0.55375,O=C(Nc1cc(Cl)cc(Cl)c1O)c1c(O)c(Cl)cc(Cl)c1Cl,OXYCLOZANIDE,0.2966585167074164,CC(C)=CCC/C(C)=C/CC/C(C)=C/CN1C(=O)c2cccc(O)c2Nc2c(O)cc(O)cc21,DIAZEPINOMICIN,Clc1ccc(c(c1)Cl)C(=O)Nc1ccc(c(c1)Cl)Cl,0.6200357949733735,0.0243695036101837,BRD-K05739625,7120,TPG TB Cpds,Clc1ccc(C(=O)Nc2ccc(Cl)c(Cl)c2)c(Cl)c1,as drawn,26
Clc1ccc(cc1Cl)CNc1nccc(n1)-c1ccc2c[nH]nc2c1,0.4045922406967537,COc1cc(ccc1Nc1ncc(c(n1)-c1c[nH]c2ccccc12)Cl)N1CCC(N)CC1,BRD-K24593301,0.3424947145877378,CNc1ncc(-c2ccc3c(=O)c(C(=O)O)cn(C4CC4)c3c2C)cc1C,OZENOXACIN,Clc1ccc(cc1Cl)CNc1nccc(n1)-c1ccc2c[nH]nc2c1,0.6186847931146622,0.0146493161216138,BRD-K75666090,2001,General HTS Sets,Clc1ccc(CNc2nccc(n2)-c2ccc3c[nH]nc3c2)cc1Cl,as drawn,27
COc1ccc(c(c1)OC)[C@@H]1C/C=C\C[C@@H](NC(=O)CCC(=O)N1)c1ccc2c(c1)OCO2,0.6752730883813307,COc1ccc(c(c1)OC)[C@@H]1C/C=C\C[C@H](NC(=O)[C@H](CC(=O)N1)c1ccccc1)c1cccc(c1)Cl,BRD-K34310565,0.4130170316301703,CNC(CC(C)C)C(=O)NC1C(=O)NC(CC(N)=O)C(=O)NC2C(=O)NC3C(=O)NC(C(=O)N[C@@H](C(=O)O)c4cc(O)c(CN5CCN(Cc6ccc(-c7ccccc7)cc6)CC5)c(O)c4-c4cc3ccc4O)C(O)c3ccc(cc3)Oc3cc2cc(c3O)Oc2ccc(cc2Cl)C1O,,COc1ccc(c(c1)OC)[C@@H]1C/C=C\C[C@@H](NC(=O)CCC(=O)N1)c1ccc2c(c1)OCO2,0.6152142658829689,0.0402834376109635,BRD-K13357679,6001,DOS Library Production,COc1ccc([C@@H]2C\C=C/C[C@@H](NC(=O)CCC(=O)N2)c2ccc3OCOc3c2)c(OC)c1 |c:8|,as drawn,28
COc1ccc(c(c1)OC)[C@H]1C/C=C\C[C@H](NC(=O)CCC(=O)N1)c1ccc2c(c1)OCO2,0.6752730883813307,COc1ccc(c(c1)OC)[C@@H]1C/C=C\C[C@H](NC(=O)[C@H](CC(=O)N1)c1ccccc1)c1cccc(c1)Cl,BRD-K34310565,0.4130170316301703,CNC(CC(C)C)C(=O)NC1C(=O)NC(CC(N)=O)C(=O)NC2C(=O)NC3C(=O)NC(C(=O)N[C@@H](C(=O)O)c4cc(O)c(CN5CCN(Cc6ccc(-c7ccccc7)cc6)CC5)c(O)c4-c4cc3ccc4O)C(O)c3ccc(cc3)Oc3cc2cc(c3O)Oc2ccc(cc2Cl)C1O,,COc1ccc(c(c1)OC)[C@H]1C/C=C\C[C@H](NC(=O)CCC(=O)N1)c1ccc2c(c1)OCO2,0.6148810970783234,0.0388650114055343,BRD-K95052610,6001,DOS Library Production,COc1ccc([C@H]2C\C=C/C[C@H](NC(=O)CCC(=O)N2)c2ccc3OCOc3c2)c(OC)c1 |c:8|,as drawn,29
Fc1cc(ccc1Cl)N1CC[C@@H](N2CCS(=O)(=O)CC2)C1=O,0.6343115124153499,COc1ccc(cc1)N1C(=O)C[C@H](N2CCCN(CC2)[C@@H]2CC(=O)N(C2=O)c2ccc(cc2)OC)C1=O,BRD-A80213576,0.4563758389261745,CC(=O)NC[C@H]1CN(C(=O)O1)C2=CC(=C(C=C2)N3CCN(CC3)C(=O)CO)F,EPEREZOLID,Fc1cc(ccc1Cl)N1CC[C@@H](N2CCS(=O)(=O)CC2)C1=O,0.6145080015063286,0.0569866268462856,BRD-A39059401,7159,Calico PRISM,"Fc1cc(ccc1Cl)N1CC[C@@H](N2CCS(=O)(=O)CC2)C1=O |&1:11,r|",as drawn,30
CO[C@@H](CN(C)C(=O)c1cc(cc(c1)Cl)Cl)[C@@H](C)CN([C@H](C)CO)C(=O)Nc1ccc(cc1)F,0.609860664523044,CO[C@@H](CN(C)C(=O)C1CCOCC1)[C@@H](C)CN([C@@H](C)CO)C(=O)Nc1ccc(cc1)C(F)(F)F,BRD-K08472586,0.4078431372549019,CC1=C\[C@@H](O)CC(=O)Cc2nc(co2)C(=O)N2CCC=C2C(=O)O[C@H](C(C)C)[C@H](C)/C=C/C(=O)NC\C=C\1.CC[C@H]1NC(=O)[C@@H](NC(=O)c2ncccc2O)[C@@H](C)OC(=O)[C@H](c2ccccc2)NC(=O)[C@@H]2CC(=O)CCN2C(=O)[C@H](Cc2ccc(N(C)C)cc2)N(C)C(=O)[C@@H]2CCCN2C1=O,MIKAMYCIN,CO[C@@H](CN(C)C(=O)c1cc(cc(c1)Cl)Cl)[C@@H](C)CN([C@H](C)CO)C(=O)Nc1ccc(cc1)F,0.6142019379138947,0.0384327056062804,BRD-K32434708,6001,DOS Library Production,CO[C@@H](CN(C)C(=O)c1cc(Cl)cc(Cl)c1)[C@@H](C)CN([C@H](C)CO)C(=O)Nc1ccc(F)cc1,as drawn,31
CO[C@H](CN(C)C(=O)c1cc(cc(c1)Cl)Cl)[C@@H](C)CN([C@@H](C)CO)C(=O)Nc1ccc(cc1)F,0.609860664523044,CO[C@@H](CN(C)C(=O)C1CCOCC1)[C@@H](C)CN([C@@H](C)CO)C(=O)Nc1ccc(cc1)C(F)(F)F,BRD-K08472586,0.4078431372549019,CC1=C\[C@@H](O)CC(=O)Cc2nc(co2)C(=O)N2CCC=C2C(=O)O[C@H](C(C)C)[C@H](C)/C=C/C(=O)NC\C=C\1.CC[C@H]1NC(=O)[C@@H](NC(=O)c2ncccc2O)[C@@H](C)OC(=O)[C@H](c2ccccc2)NC(=O)[C@@H]2CC(=O)CCN2C(=O)[C@H](Cc2ccc(N(C)C)cc2)N(C)C(=O)[C@@H]2CCCN2C1=O,MIKAMYCIN,CO[C@H](CN(C)C(=O)c1cc(cc(c1)Cl)Cl)[C@@H](C)CN([C@@H](C)CO)C(=O)Nc1ccc(cc1)F,0.6074707958102227,0.0419183735995474,BRD-K39107373,6001,DOS Library Production,CO[C@H](CN(C)C(=O)c1cc(Cl)cc(Cl)c1)[C@@H](C)CN([C@@H](C)CO)C(=O)Nc1ccc(F)cc1,as drawn,32
Cc1nccn1CCCCNC1CCN(CC1)c1ccc(cc1)Cl,0.3567921440261866,NC[C@H]1CCN(C1)c1ccc(cc1)Oc1ccccc1,BRD-A20309731,0.3165644171779141,Cc1ncc([N+](=O)[O-])n1CC(C)O,SECNIDAZOLE,Cc1nccn1CCCCNC1CCN(CC1)c1ccc(cc1)Cl,0.6043893697857857,0.0361986595760618,BRD-K94288171,7159,Calico PRISM,Cc1nccn1CCCCNC1CCN(CC1)c1ccc(Cl)cc1,as drawn,33
COc1ccc(cc1NC(=S)Nc1ccc(c(c1)Cl)Cl)C(C)(C)C,0.3513513513513513,Clc1ccc(cc1)NC(=O)Nc1ccc(c(c1)Cl)Cl,BRD-K25029121,0.3313905079100749,N=C(N)NCCCCC(=O)Nc1cc(C(F)(F)F)cc(NC(=O)c2cc(C(=O)Nc3cc(C(F)(F)F)cc(NC(=O)CCCCNC(=N)N)c3O[C@@H]3CCNC3)ncn2)c1O[C@@H]1CCNC1,BRILACIDIN,COc1ccc(cc1NC(=S)Nc1ccc(c(c1)Cl)Cl)C(C)(C)C,0.6028958624601364,0.0154705323450991,BRD-K77604661,7120,TPG TB Cpds,COc1ccc(cc1NC(=S)Nc1ccc(Cl)c(Cl)c1)C(C)(C)C,as drawn,34
Clc1ccc(cc1Cl)CNc1ccnc(n1)-c1ccc2n[nH]cc2c1,0.3590733590733591,Clc1ccc(cc1Cl)CN(CCCNC(=S)NCCCc1cnc[nH]1)c1ccc(cn1)Br,BRD-K08438429,0.3815566835871404,O=[N+]([O-])c1ccc(-c2nc(N(CCO)CCO)c3ccccc3n2)o1,NIFURQUINAZOL,Clc1ccc(cc1Cl)CNc1ccnc(n1)-c1ccc2n[nH]cc2c1,0.6020296365022659,0.0113469777783247,BRD-K56900476,2001,General HTS Sets,Clc1ccc(CNc2ccnc(n2)-c2ccc3n[nH]cc3c2)cc1Cl,as drawn,35
Clc1ccc(cc1)CNC(=S)NCc1ccc(cc1)-n1cccn1,0.3329506314580941,Nc1ccc(S(=O)(=O)Nc2ccnn2-c2ccccc2)cc1,SULFAPHENAZOLE,0.2271139063591893,CC[C@H]1OC(=O)[C@H](C)C(=O)[C@H](C)[C@@H](O[C@@H]2O[C@H](C)C[C@H](N(C)C)[C@H]2O)[C@@]2(C)C[C@@H](C)/C(=N\C(C)=O)[C@H](C)[C@@H](OC/C(=N\OCc3ccc(-n4cccn4)nc3)CO2)[C@]1(C)O,MODITHROMYCIN,Clc1ccc(cc1)CNC(=S)NCc1ccc(cc1)-n1cccn1,0.6007099479436875,0.0249195533753009,BRD-K13616091,7120,TPG TB Cpds,Clc1ccc(CNC(=S)NCc2ccc(cc2)-n2cccn2)cc1,as drawn,36
CO[C@H](CN(C)C(=O)c1cc(cc(c1)Cl)Cl)[C@@H](C)CN([C@H](C)CO)C(=O)Nc1ccc(cc1)F,0.609860664523044,CO[C@@H](CN(C)C(=O)C1CCOCC1)[C@@H](C)CN([C@@H](C)CO)C(=O)Nc1ccc(cc1)C(F)(F)F,BRD-K08472586,0.4078431372549019,CC1=C\[C@@H](O)CC(=O)Cc2nc(co2)C(=O)N2CCC=C2C(=O)O[C@H](C(C)C)[C@H](C)/C=C/C(=O)NC\C=C\1.CC[C@H]1NC(=O)[C@@H](NC(=O)c2ncccc2O)[C@@H](C)OC(=O)[C@H](c2ccccc2)NC(=O)[C@@H]2CC(=O)CCN2C(=O)[C@H](Cc2ccc(N(C)C)cc2)N(C)C(=O)[C@@H]2CCCN2C1=O,MIKAMYCIN,CO[C@H](CN(C)C(=O)c1cc(cc(c1)Cl)Cl)[C@@H](C)CN([C@H](C)CO)C(=O)Nc1ccc(cc1)F,0.595199282169342,0.0404984791906938,BRD-K99100793,6001,DOS Library Production,CO[C@H](CN(C)C(=O)c1cc(Cl)cc(Cl)c1)[C@@H](C)CN([C@H](C)CO)C(=O)Nc1ccc(F)cc1,as drawn,37
Cc1c(c(c2c(c1O)C(=O)C=C(O2)c1ccccc1O)C)O,0.5581881533101045,OC[C@H]1O[C@@H](OC2=C(Oc3cc(cc(c3C2=O)O)O)c2ccc(cc2)O)[C@H](O)[C@@H](O)[C@@H]1O,BRD-K44487476,0.4899016053858104,CO[C@H]1/C=C/O[C@@]2(C)Oc3c(C)c(O)c4c(=O)c(c5oc6cc(N7CCN(CC(C)C)CC7)cc(O)c6nc-5c4c3C2=O)NC(=O)/C(C)=C\C=C\[C@H](C)[C@H](O)[C@@H](C)[C@@H](O)[C@@H](C)[C@H](OC(C)=O)[C@@H]1C,RIFALAZIL,Cc1c(c(c2c(c1O)C(=O)C=C(O2)c1ccccc1O)C)O,0.592986232638359,0.00884944883916,BRD-K42124528,2001,General HTS Sets,Cc1c(O)c(C)c2oc(cc(=O)c2c1O)-c1ccccc1O,as drawn,38
CC(=CCC1=C(Oc2c(c(cc(c2C1=O)O)O)CC=C(C)C)c1ccc(cc1O)O)C,0.5971622455274522,O[C@@H]1[C@@H](O)[C@@H](O[C@@H]([C@H]1O)C(=O)O)OC1=C(Oc2cc(cc(c2C1=O)O)O)c1ccc(c(c1)O)O,BRD-K98587957,0.6086286594761171,CO[C@H]1/C=C/O[C@@]2(C)Oc3c(C)c(O)c4c(=O)c(c5oc6cc(N7CCN(CC(C)C)CC7)cc(O)c6nc-5c4c3C2=O)NC(=O)/C(C)=C\C=C\[C@H](C)[C@H](O)[C@@H](C)[C@@H](O)[C@@H](C)[C@H](OC(C)=O)[C@@H]1C,RIFALAZIL,CC(=CCC1=C(Oc2c(c(cc(c2C1=O)O)O)CC=C(C)C)c1ccc(cc1O)O)C,0.5928753462433815,0.0294445282664381,BRD-K55131635,2001,General HTS Sets,CC(C)=CCc1c(O)cc(O)c2c1oc(-c1ccc(O)cc1O)c(CC=C(C)C)c2=O,as drawn,39
S=C(SCc1ccc(cc1)CSC(=S)N1CCOCC1)N1CCOCC1,0.3089622641509434,S=C(SN1CCOCC1)N1CCOCC1,BRD-K15206589,0.1982942430703624,CCCCCCCCCCCC[N+](CCO)(CCO)Cc1ccccc1,BENZOXONIUM,S=C(SCc1ccc(cc1)CSC(=S)N1CCOCC1)N1CCOCC1,0.5917280485481023,0.0544581400325002,BRD-K55649017,2001,General HTS Sets,S=C(SCc1ccc(CSC(=S)N2CCOCC2)cc1)N1CCOCC1,as drawn,40
Clc1ccc(c(c1)Cl)OCCCCCn1ccnc1,0.3149717514124294,C[C@@H](Oc1ccccc1Cl)c1nc2ccc(cc2[nH]1)Cl,BRD-A22262390,0.3238512035010941,CCCCCCCCCCCC[N+](C)(C)CCOc1ccc(Cl)cc1,DODECLONIUM,Clc1ccc(c(c1)Cl)OCCCCCn1ccnc1,0.5917038315534592,0.0334303685100185,BRD-K27645915,7108,MLPCN TB Replicating and Non replicating (derived from 2157),Clc1ccc(OCCCCCn2ccnc2)c(Cl)c1,as drawn,41
Clc1ccc(cc1Cl)N1CC[C@@H](NC(=O)c2cocn2)C1=O,0.4951830443159923,COc1ccc(cc1)N1C(=O)C[C@H](N2CCCN(CC2)[C@@H]2CC(=O)N(C2=O)c2ccc(cc2)OC)C1=O,BRD-A80213576,0.4380257992148065,CC1=C\[C@@H](O)CC(=O)Cc2nc(co2)C(=O)N2CCC=C2C(=O)O[C@H](C(C)C)[C@H](C)/C=C/C(=O)NC\C=C\1.CC[C@H]1NC(=O)[C@@H](NC(=O)c2ncccc2O)[C@@H](C)OC(=O)[C@H](c2ccccc2)NC(=O)[C@@H]2CC(=O)CCN2C(=O)[C@H](Cc2ccc(N(C)C)cc2)N(C)C(=O)[C@@H]2CCCN2C1=O,MIKAMYCIN,Clc1ccc(cc1Cl)N1CC[C@@H](NC(=O)c2cocn2)C1=O,0.590402420759201,0.0372830248364398,BRD-A58594681,7159,Calico PRISM,"Clc1ccc(cc1Cl)N1CC[C@@H](NC(=O)c2cocn2)C1=O |&1:11,r|",as drawn,42
CCCCNCCCCOc1ccc2ccccc2c1Br,0.340036563071298,CN(C)C(CCOc1cccc2ccccc12)c1ccccc1.Cl,DAPOXETINE HYDROCHLORIDE,0.3109452736318407,CCCCCCCCCCCC[N+](C)(C)CCOc1ccccc1,DOMIPHEN,CCCCNCCCCOc1ccc2ccccc2c1Br,0.5883242824673652,0.0376665038330211,BRD-K58778148,7120,TPG TB Cpds,CCCCNCCCCOc1ccc2ccccc2c1Br,as drawn,43
CN1N=CC(=C(Cl)C1=O)N[C@H]1CCN(C1)c1c(cccc1F)F,0.4448116325181758,Cl.NC1CCN(c2c(F)cc3c(=O)c(C(=O)O)cn(C4CC4)c3c2Cl)C1,CLINAFOXACIN HYDROCHLORIDE,0.4367666232073012,N[C@@H]1CCCCN(c2c(F)cc3c(=O)c(C(=O)O)cn(C4CC4)c3c2Cl)C1,BESIFLOXACIN,CN1N=CC(=C(Cl)C1=O)N[C@H]1CCN(C1)c1c(cccc1F)F,0.5873313200473785,0.0432136466039338,BRD-A86745991,7159,Calico PRISM,"Cn1ncc(N[C@H]2CCN(C2)c2c(F)cccc2F)c(Cl)c1=O |&1:6,r|",as drawn,44
Clc1ccc(cc1Cl)N1CC[C@@H](NC(=O)c2ccon2)C1=O,0.5029296875,COc1ccc(cc1)N1C(=O)C[C@H](N2CCCN(CC2)[C@@H]2CC(=O)N(C2=O)c2ccc(cc2)OC)C1=O,BRD-A80213576,0.4248166259168704,CC[C@H]1NC(=O)[C@@H](NC(=O)c2ncccc2O)[C@@H](C)OC(=O)[C@H](c2ccccc2)NC(=O)[C@@H]2CC(=O)[C@H](CS[C@@H]3CN4CCC3CC4)CN2C(=O)[C@H](Cc2ccc(N(C)C)cc2)N(C)C(=O)[C@@H]2CCCN2C1=O,QUINUPRISTIN,Clc1ccc(cc1Cl)N1CC[C@@H](NC(=O)c2ccon2)C1=O,0.5861538481712342,0.0344228009947723,BRD-A02237658,7159,Calico PRISM,"Clc1ccc(cc1Cl)N1CC[C@@H](NC(=O)c2ccon2)C1=O |&1:11,r|",as drawn,45
Clc1ccc(cc1Cl)OCCCCn1ccnc1,0.316301703163017,Oc1c(Cl)c(Cl)c(Cl)c(Cl)c1Cl,PENTACHLOROPHENOL,0.3227990970654628,CCCCCCCCCCCC[N+](C)(C)CCOc1ccc(Cl)cc1,DODECLONIUM,Clc1ccc(cc1Cl)OCCCCn1ccnc1,0.5775983718037605,0.0342097090120778,BRD-K63785306,7120,TPG TB Cpds,Clc1ccc(OCCCCn2ccnc2)cc1Cl,as drawn,46
C[C@H]1CCCN(C1)C1=C(Cl)C(=O)N(C1=O)c1cc(cc(c1)Cl)Cl,0.4820895522388059,C=C(NC(=O)C(=C)NC(=O)c1csc(C2=NC3c4csc(n4)C4NC(=O)c5csc(n5)C(C(C)(O)C(C)O)NC(=O)C5CSC(=N5)C(=CC)NC(=O)C(C(C)O)NC(=O)c5csc(n5)C3(CC2)NC(=O)C(C)NC(=O)C(=C)NC(=O)C(C)NC(=O)C(C(C)CC)NC2C=Cc3c(C(C)O)cc(nc3C2O)C(=O)OC4C)n1)C(N)=O,THIOSTREPTON,0.478483606557377,CN(C)[C@@H]1C(O)=C(C(=O)NCN[C@@H](C(=O)N[C@@H]2C(=O)N3[C@@H](C(=O)O)C(C)(C)S[C@H]23)c2ccccc2)C(=O)[C@@]2(O)C(O)=C3C(=O)c4c(O)cccc4[C@@](C)(O)[C@H]3C[C@@H]12,PENIMOCYCLINE,C[C@H]1CCCN(C1)C1=C(Cl)C(=O)N(C1=O)c1cc(cc(c1)Cl)Cl,0.5741569310426712,0.0442947743131534,BRD-A15651357,2001,General HTS Sets,"C[C@H]1CCCN(C1)C1=C(Cl)C(=O)N(C1=O)c1cc(Cl)cc(Cl)c1 |&1:1,r,c:8|",as drawn,47
Clc1ccc(c(c1)Cl)N1CC[C@@H](C1)NC1CCOCC1,0.4264018691588785,COc1ccc(cc1)N1C(=O)C[C@H](N2CCCN(CC2)[C@@H]2CC(=O)N(C2=O)c2ccc(cc2)OC)C1=O,BRD-A80213576,0.3278520041109969,CC(=O)NC[C@H]1CN(C(=O)O1)C2=CC(=C(C=C2)N3CCN(CC3)C(=O)CO)F,EPEREZOLID,Clc1ccc(c(c1)Cl)N1CC[C@@H](C1)NC1CCOCC1,0.5731796565651893,0.0360098856411819,BRD-A42099674,7159,Calico PRISM,"Clc1ccc(N2CC[C@@H](C2)NC2CCOCC2)c(Cl)c1 |&1:8,r|",as drawn,48
Fc1ccccc1C(=O)Nc1nc2c(c(ccc2s1)Cl)Cl,0.4305835010060362,CCCCCCO[C@@H](C)c1cccc(c1OC)-c1csc(n1)NC(=O)c1cc(c(c(c1)Cl)/C=C(\C)C(=O)O)Cl,BRD-K93228461,0.4320785597381342,CCN(CC)c1nc2c(s1)c1c(O)c3c(O)c(C)c4c(c32)C(=O)[C@@](C)(O/C=C/[C@H](OC)[C@@H](C)[C@@H](OC(C)=O)[C@H](C)[C@H](O)[C@H](C)[C@@H](O)[C@@H](C)/C=C/C=C(/C)C(=O)N1)O4,RIFAMEXIL,Fc1ccccc1C(=O)Nc1nc2c(c(ccc2s1)Cl)Cl,0.5702607893943786,0.0160220323280503,BRD-K81009196,2001,General HTS Sets,Fc1ccccc1C(=O)Nc1nc2c(Cl)c(Cl)ccc2s1,as drawn,49
Clc1ccc(cc1Cl)N1CC[C@@H](Sc2nnc[nH]2)C1=O,0.3796740172579099,COc1ccc(cc1)N1C(=O)C[C@H](N2CCCN(CC2)[C@@H]2CC(=O)N(C2=O)c2ccc(cc2)OC)C1=O,BRD-A80213576,0.3649025069637883,CN(C)[C@@H]1C(O)=C(C(N)=O)C(=O)[C@@]2(O)C(O)=C3C(=O)c4c(O)c(NC(=O)CN5CCCC5)cc(F)c4C[C@H]3C[C@@H]12,ERAVACYCLINE,Clc1ccc(cc1Cl)N1CC[C@@H](Sc2nnc[nH]2)C1=O,0.5688379836082459,0.0258954915899735,BRD-A35072058,7159,Calico PRISM,"Clc1ccc(cc1Cl)N1CC[C@@H](Sc2nnc[nH]2)C1=O |&1:11,r|",as drawn,50
Fc1ccc(cc1)C(=O)Nc1nc2c(ccc(c2s1)Cl)Cl,0.4298245614035088,CCCCCCO[C@@H](C)c1cccc(c1OC)-c1csc(n1)NC(=O)c1cc(c(c(c1)Cl)/C=C(\C)C(=O)O)Cl,BRD-K93228461,0.426775956284153,CCN(CC)c1nc2c(s1)c1c(O)c3c(O)c(C)c4c(c32)C(=O)[C@@](C)(O/C=C/[C@H](OC)[C@@H](C)[C@@H](OC(C)=O)[C@H](C)[C@H](O)[C@H](C)[C@@H](O)[C@@H](C)/C=C/C=C(/C)C(=O)N1)O4,RIFAMEXIL,Fc1ccc(cc1)C(=O)Nc1nc2c(ccc(c2s1)Cl)Cl,0.5670866239070892,0.0216861842100241,BRD-K53427680,2001,General HTS Sets,Fc1ccc(cc1)C(=O)Nc1nc2c(Cl)ccc(Cl)c2s1,as drawn,51
C[C@H]1CC(=O)N[C@@H](C/C=C\C[C@@H](NC1=O)c1ccc2c(c1)OCO2)c1ccccc1,0.5523560209424084,C[C@@H]1CC=CC[C@@H](NC(=O)[C@@H](Cc2ccccc2)N(C)C(=O)c2ccccc2O1)c1ccc2c(c1)OCO2,BRD-M93163052,0.3732660781841109,O=C1NC2C(=O)NC3C(=O)NC4C(=O)NC(C(=O)N[C@@H](C(=O)O)c5cc(O)cc(O)c5-c5cc4ccc5O)C(O)c4ccc(c(Cl)c4)Oc4cc3cc(c4O)Oc3ccc(cc3Cl)CC1NC(=O)C(NC(=O)C13CC4CC(CC(C4)C1)C3)c1ccc(O)c(c1)Oc1cc(O)cc2c1,,C[C@H]1CC(=O)N[C@@H](C/C=C\C[C@@H](NC1=O)c1ccc2c(c1)OCO2)c1ccccc1,0.5650000194460154,0.0485580279397355,BRD-K89350470,6001,DOS Library Production,C[C@H]1CC(=O)N[C@@H](C\C=C/C[C@@H](NC1=O)c1ccc2OCOc2c1)c1ccccc1 |c:8|,as drawn,52
C[C@H](Oc1cc(cnc1N)-c1cnn(c1)C1CCNCC1)c1c(ccc(c1Cl)F)Cl,0.5341922695738355,C=C(NC(=O)C(=C)NC(=O)c1csc(C2=NC3c4csc(n4)C4NC(=O)c5csc(n5)C(C(C)(O)C(C)O)NC(=O)C5CSC(=N5)C(=CC)NC(=O)C(C(C)O)NC(=O)c5csc(n5)C3(CC2)NC(=O)C(C)NC(=O)C(=C)NC(=O)C(C)NC(=O)C(C(C)CC)NC2C=Cc3c(C(C)O)cc(nc3C2O)C(=O)OC4C)n1)C(N)=O,THIOSTREPTON,0.5297105129507365,CNC(=O)C[C@@H]1NC(=O)c2csc(n2)-c2ccc(-c3nc(C4=N[C@H](C(=O)N5CCC[C@H]5C(N)=O)CO4)cs3)nc2-c2csc(n2)-c2csc(n2)C(C(O)c2ccccc2)NC(=O)CNC(=O)c2nc(sc2COC)[C@H](C(C)C)NC(=O)c2nc1sc2C,,C[C@H](Oc1cc(cnc1N)-c1cnn(c1)C1CCNCC1)c1c(ccc(c1Cl)F)Cl,0.5609531971812248,0.0212276054188065,BRD-K40308497,7161,Repurposing,C[C@H](Oc1cc(cnc1N)-c1cnn(c1)C1CCNCC1)c1c(Cl)ccc(F)c1Cl,as drawn,53
Cc1c(ccc2c1NC=C(C(=O)O)C2=O)Cl,0.5603822762814944,CC1CCc2cc(F)cc3c(=O)c(C(=O)O)cn1c23,FLUMEQUINE,0.5078369905956113,CNc1ncc(-c2ccc3c(=O)c(C(=O)O)cn(C4CC4)c3c2C)cc1C,OZENOXACIN,Cc1c(ccc2c1NC=C(C(=O)O)C2=O)Cl,0.5587666830420495,0.0530635586376056,BRD-K73142462,2001,General HTS Sets,Cc1c(Cl)ccc2c1[nH]cc(C(O)=O)c2=O,as drawn,54
FC(F)(F)c1ccc(cc1)NC(=O)N1CCN(CC1)c1ccnc2cc(ccc12)Cl,0.4728588661037394,C(Cc1ccccc1)Nc1ccnc2cc3ccccc3cc12,BRD-K36435942,0.4345757335448057,CCn1cc(C(=O)O)c(=O)c2cc(F)c(N3CCN(C)CC3)cc21,PEFLOXACIN,FC(F)(F)c1ccc(cc1)NC(=O)N1CCN(CC1)c1ccnc2cc(ccc12)Cl,0.5577141949534417,0.0254841675882606,BRD-K43480913,2001,General HTS Sets,FC(F)(F)c1ccc(NC(=O)N2CCN(CC2)c2ccnc3cc(Cl)ccc23)cc1,as drawn,55
CCNC1=CC(=N)N(CC)c2n[nH]c(c21)/N=C/c1cc(cc(c1O)Cl)Cl,0.5837037037037037,C=C(NC(=O)C(=C)NC(=O)c1csc(C2=NC3c4csc(n4)C4NC(=O)c5csc(n5)C(C(C)(O)C(C)O)NC(=O)C5CSC(=N5)C(=CC)NC(=O)C(C(C)O)NC(=O)c5csc(n5)C3(CC2)NC(=O)C(C)NC(=O)C(=C)NC(=O)C(C)NC(=O)C(C(C)CC)NC2C=Cc3c(C(C)O)cc(nc3C2O)C(=O)OC4C)n1)C(N)=O,THIOSTREPTON,0.5762025316455697,CO[C@H]1/C=C/O[C@@]2(C)Oc3c(C)c(O)c4c(=O)c(c5oc6cc(N7CCN(CC(C)C)CC7)cc(O)c6nc-5c4c3C2=O)NC(=O)/C(C)=C\C=C\[C@H](C)[C@H](O)[C@@H](C)[C@@H](O)[C@@H](C)[C@H](OC(C)=O)[C@@H]1C,RIFALAZIL,CCNC1=CC(=N)N(CC)c2n[nH]c(c21)/N=C/c1cc(cc(c1O)Cl)Cl,0.5550637543201447,0.0146315729911239,BRD-K90924313,2001,General HTS Sets,CCNc1cc(=N)n(CC)c2n[nH]c(\N=C\c3cc(Cl)cc(Cl)c3O)c12,as drawn,56
CSc1ncc(c(n1)C(=O)Nc1nnc(s1)SC)Cl,0.6538081107814046,CSc1ncc(Cl)c(n1)C(=O)Nc1ncc(s1)[N+]([O-])=O,MP7,0.3884572697003329,Cc1c(N)nc([C@H](CC(N)=O)NC[C@H](N)C(N)=O)nc1C(=O)N[C@H](C(=O)N[C@H](CCO)[C@@H](O)[C@H](C)C(=O)N[C@H](C(=O)NCCC1=N[C@@H](c2nc(C(=O)NCCCC(=N)N)cs2)CS1)C(C)(C)O)C(C)O[C@@H]1O[C@@H](C)[C@@H](O)[C@@H](O)[C@@H]1O[C@H]1O[C@H](CO)[C@@H](O)[C@@H](OC(N)=O)[C@@H]1O,ZORBAMYCIN,CSc1ncc(c(n1)C(=O)Nc1nnc(s1)SC)Cl,0.5525427505373954,0.0459616632736016,BRD-K21737855,2001,General HTS Sets,CSc1nnc(NC(=O)c2nc(SC)ncc2Cl)s1,as drawn,57
CC(C)[C@H]1Cc2c(sc3nc(nc(c23)N)SCc2ccc(c(c2)Cl)Cl)CO1,0.6230237154150198,C=C(NC(=O)C(=C)NC(=O)c1csc(C2=NC3c4csc(n4)C4NC(=O)c5csc(n5)C(C(C)(O)C(C)O)NC(=O)C5CSC(=N5)C(=CC)NC(=O)C(C(C)O)NC(=O)c5csc(n5)C3(CC2)NC(=O)C(C)NC(=O)C(=C)NC(=O)C(C)NC(=O)C(C(C)CC)NC2C=Cc3c(C(C)O)cc(nc3C2O)C(=O)OC4C)n1)C(N)=O,THIOSTREPTON,0.6134072580645161,CNC(=O)C[C@@H]1NC(=O)c2csc(n2)-c2ccc(-c3nc(C4=N[C@H](C(=O)N5CCC[C@H]5C(N)=O)CO4)cs3)nc2-c2csc(n2)-c2csc(n2)C(C(O)c2ccccc2)NC(=O)CNC(=O)c2nc(sc2COC)[C@H](C(C)C)NC(=O)c2nc1sc2C,,CC(C)[C@H]1Cc2c(sc3nc(nc(c23)N)SCc2ccc(c(c2)Cl)Cl)CO1,0.551876964867115,0.0212174620955365,BRD-A33145394,2001,General HTS Sets,"CC(C)[C@H]1Cc2c(CO1)sc1nc(SCc3ccc(Cl)c(Cl)c3)nc(N)c21 |&1:3,r|",as drawn,58
Clc1ccc(cc1Cl)CN1C(=O)C(=O)c2ccccc21,0.4576734025122884,COc1ccc(cc1)[Si](C)(C)[C@@H]1[C@@H](C)[C@]2(O[C@H]1CCOC(=O)NCCCCCC(=O)NO)C(=O)N(Cc1ccccc1)c1ccc(cc12)NC(=O)[C@@H](C)OC(=O)NCCCCCC(=O)NO,BRD-K51200005,0.4530800230282095,NC1Cc2ccc(c(Cl)c2)Oc2cc3cc(c2O)Oc2ccc(cc2Cl)C(O)C2NC(=O)C(NC(=O)C3NC(=O)C(c3cc(O)cc(Oc4cc(C5NC(=S)N(c6ccccc6)C5=O)ccc4O)c3)NC1=O)c1ccc(O)c(c1)-c1c(O)cc(O)cc1[C@H](C(=O)O)NC2=O,,Clc1ccc(cc1Cl)CN1C(=O)C(=O)c2ccccc21,0.5506509220600129,0.023412404671176,BRD-K15164005,7161,Repurposing,Clc1ccc(CN2C(=O)C(=O)c3ccccc23)cc1Cl,as drawn,59
Clc1ccc(c(c1)CNC1CCCCC1)OCc1ccccc1Cl,0.3851286939942803,COc1ccc(c(c1)OC)[C@@H]1C/C=C\C[C@H](NC(=O)[C@H](CC(=O)N1)c1ccccc1)c1cccc(c1)Cl,BRD-K34310565,0.305316091954023,CCOc1ccc2ccccc2c1C(=O)N[C@@H]1C(=O)N2[C@@H](C(=O)O)C(C)(C)S[C@H]12,NAFCILLIN,Clc1ccc(c(c1)CNC1CCCCC1)OCc1ccccc1Cl,0.5463868245482445,0.0238854949201535,BRD-K89913396,7108,MLPCN TB Replicating and Non replicating (derived from 2157),Clc1ccc(OCc2ccccc2Cl)c(CNC2CCCCC2)c1,as drawn,60
Clc1ccc(c(c1)Cl)N1CC[C@@H](C1)NCc1cncnc1,0.3794983642311886,COc1ccc(cc1)N1C(=O)C[C@H](N2CCCN(CC2)[C@@H]2CC(=O)N(C2=O)c2ccc(cc2)OC)C1=O,BRD-A80213576,0.3227722772277228,CC(=O)NC[C@H]1CN(C(=O)O1)C2=CC(=C(C=C2)N3CCN(CC3)C(=O)CO)F,EPEREZOLID,Clc1ccc(c(c1)Cl)N1CC[C@@H](C1)NCc1cncnc1,0.5442796024680138,0.0326007416541848,BRD-A16948617,7159,Calico PRISM,"Clc1ccc(N2CC[C@@H](C2)NCc2cncnc2)c(Cl)c1 |&1:8,r|",as drawn,61
Clc1ccc(cc1)Sc1cccc(c1Cn1cccc1)Cl,0.3498190591073583,CN(C)CCC=C1c2ccccc2Sc2ccc(Cl)cc21.Cl,CHLORPROTHIXENE HYDROCHLORIDE,0.2578231292517007,O=c1ccc2ncc(=O)n3c2n1C[C@H]3CN1CCC(NCc2cc3c(cn2)OCCC3)CC1,GEPOTIDACIN,Clc1ccc(cc1)Sc1cccc(c1Cn1cccc1)Cl,0.5423849937319756,0.0251022630631257,BRD-K96058734,2001,General HTS Sets,Clc1ccc(Sc2cccc(Cl)c2Cn2cccc2)cc1,as drawn,62
COCCCOc1cc2c(cc1OC)C1=CC(=O)C(=CN1[C@@H](C2)C(C)C)C(=O)O,0.6693494299128102,COc1ccc2cc3[n+](cc2c1OC)CCc1cc2c(cc1-3)OCO2.[Cl-],BERBERINE CHLORIDE,0.6318432948267202,CNC(=O)C[C@@H]1NC(=O)c2csc(n2)-c2ccc(-c3nc(C4=N[C@H](C(=O)N5CCC[C@H]5C(N)=O)CO4)cs3)nc2-c2csc(n2)-c2csc(n2)C(C(O)c2ccccc2)NC(=O)CNC(=O)c2nc(sc2COC)[C@H](C(C)C)NC(=O)c2nc1sc2C,,COCCCOc1cc2c(cc1OC)C1=CC(=O)C(=CN1[C@@H](C2)C(C)C)C(=O)O,0.5422032853960991,0.0402152032670579,BRD-K00004573,7161,Repurposing,COCCCOc1cc2C[C@@H](C(C)C)n3cc(C(O)=O)c(=O)cc3-c2cc1OC,as drawn,63
COc1ccc(c(c1)OC)[C@H]1C/C=C\C[C@@H](NC(=O)CCC(=O)N1)c1ccc2c(c1)OCO2,0.6752730883813307,COc1ccc(c(c1)OC)[C@@H]1C/C=C\C[C@H](NC(=O)[C@H](CC(=O)N1)c1ccccc1)c1cccc(c1)Cl,BRD-K34310565,0.4130170316301703,CNC(CC(C)C)C(=O)NC1C(=O)NC(CC(N)=O)C(=O)NC2C(=O)NC3C(=O)NC(C(=O)N[C@@H](C(=O)O)c4cc(O)c(CN5CCN(Cc6ccc(-c7ccccc7)cc6)CC5)c(O)c4-c4cc3ccc4O)C(O)c3ccc(cc3)Oc3cc2cc(c3O)Oc2ccc(cc2Cl)C1O,,COc1ccc(c(c1)OC)[C@H]1C/C=C\C[C@@H](NC(=O)CCC(=O)N1)c1ccc2c(c1)OCO2,0.541596908364445,0.0566283796224058,BRD-K78151968,6001,DOS Library Production,COc1ccc([C@H]2C\C=C/C[C@@H](NC(=O)CCC(=O)N2)c2ccc3OCOc3c2)c(OC)c1 |c:8|,as drawn,64
Clc1ccc(c(c1)Cl)C(=O)Nc1ccc(c(c1)Br)Cl,0.4724137931034483,O=C(Nc1cc(Cl)cc(Cl)c1O)c1c(O)c(Cl)cc(Cl)c1Cl,OXYCLOZANIDE,0.3042433947157726,CC(C)=CCC/C(C)=C/CC/C(C)=C/CN1C(=O)c2cccc(O)c2Nc2c(O)cc(O)cc21,DIAZEPINOMICIN,Clc1ccc(c(c1)Cl)C(=O)Nc1ccc(c(c1)Br)Cl,0.5385144358873367,0.0147414321059331,BRD-K59003414,7120,TPG TB Cpds,Clc1ccc(C(=O)Nc2ccc(Cl)c(Br)c2)c(Cl)c1,as drawn,65
Clc1ccc(c(c1)Cl)N1CC[C@@H](N2CCS(=O)CC2)C1=O,0.6229143492769744,COc1ccc(cc1)N1C(=O)C[C@H](N2CCCN(CC2)[C@@H]2CC(=O)N(C2=O)c2ccc(cc2)OC)C1=O,BRD-A80213576,0.4140480591497227,CC(=O)NC[C@H]1CN(C(=O)O1)C2=CC(=C(C=C2)N3CCN(CC3)C(=O)CO)F,EPEREZOLID,Clc1ccc(c(c1)Cl)N1CC[C@@H](N2CCS(=O)CC2)C1=O,0.5367099300026894,0.0558209427929214,BRD-A25887796,7159,Calico PRISM,"Clc1ccc(N2CC[C@@H](N3CCS(=O)CC3)C2=O)c(Cl)c1 |&1:8,r|",as drawn,66
Clc1ccc(cc1Cl)CNc1nccc(n1)-c1ccc2c(c1)OCCO2,0.4267352185089974,N[C@@H](Cc1ccc(cc1)-c1cc(nc(n1)N)O[C@@H](c1ccc(cc1)-c1cccc(c1)F)C(F)(F)F)C(=O)O,BRD-K00004673,0.360484314804623,CCCCc1ccc(CN2CCN(Cc3c(O)cc4c(c3O)-c3cc(ccc3O)C3NC(=O)C5NC(=O)C6NC(=O)C(Cc7ccc(cc7)Oc7cc5cc(c7OC5OC(C(=O)O)C(O)C(O)C5N)Oc5ccc(cc5Cl)C(O)C(NC3=O)C(=O)N[C@H]4C(=O)O)NC(=O)C(NC)c3ccc(O)c(c3)Oc3cc(O)c(Cl)c6c3)CC2)cc1,,Clc1ccc(cc1Cl)CNc1nccc(n1)-c1ccc2c(c1)OCCO2,0.5355255281925202,0.010950750043916,BRD-K00496740,2001,General HTS Sets,Clc1ccc(CNc2nccc(n2)-c2ccc3OCCOc3c2)cc1Cl,as drawn,67
C[C@H]1CCN(CCS1(=O)=O)c1ccc2ccc(c(c2n1)Cl)Cl,0.421875,Cl.NC1CCN(c2c(F)cc3c(=O)c(C(=O)O)cn(C4CC4)c3c2Cl)C1,CLINAFOXACIN HYDROCHLORIDE,0.4234001292824822,N[C@@H]1CCCCN(c2c(F)cc3c(=O)c(C(=O)O)cn(C4CC4)c3c2Cl)C1,BESIFLOXACIN,C[C@H]1CCN(CCS1(=O)=O)c1ccc2ccc(c(c2n1)Cl)Cl,0.531571210026741,0.0352451614376633,BRD-A98312329,7159,Calico PRISM,"C[C@H]1CCN(CCS1(=O)=O)c1ccc2ccc(Cl)c(Cl)c2n1 |&1:1,r|",as drawn,68
FC(F)(F)c1ccc(nc1)S(=O)(=O)CCOC(=O)c1ccc(c(c1)Cl)Cl,0.3714833759590792,CC[C@H]1/C=C(\C)[C@@H](O)C/C=C/C=C(\CO[C@@H]2O[C@H](C)[C@@H](OC(=O)c3c(c(c(c(c3CC)Cl)O)Cl)O)[C@H](O)[C@@H]2OC)C(=O)O[C@@H](C/C=C(C)/C=C(\C)[C@@H]1O[C@@H]1OC(C)(C)[C@@H](OC(=O)C(C)C)[C@H](O)[C@@H]1O)[C@@H](C)O,BRD-K00003591,0.3714833759590792,CCc1c(Cl)c(O)c(Cl)c(O)c1C(=O)O[C@H]1[C@H](O)[C@H](OC)[C@H](OC/C2=C\C=C\C[C@H](O)/C(C)=C/[C@H](CC)[C@@H](O[C@@H]3OC(C)(C)[C@@H](OC(=O)C(C)C)[C@H](O)[C@@H]3O)/C(C)=C/C(C)=C/C[C@@H]([C@@H](C)O)OC2=O)O[C@@H]1C,FIDAXOMICIN,FC(F)(F)c1ccc(nc1)S(=O)(=O)CCOC(=O)c1ccc(c(c1)Cl)Cl,0.5306846261024475,0.0137620230242292,BRD-K21801459,2001,General HTS Sets,FC(F)(F)c1ccc(nc1)S(=O)(=O)CCOC(=O)c1ccc(Cl)c(Cl)c1,as drawn,69
CO[C@@H](CN(C)Cc1cc(ccc1F)F)[C@@H](C)CN([C@@H](C)CO)C(=O)Nc1ccc(cc1)C(F)(F)F,0.6738636363636363,CO[C@@H](CN(C)C(=O)C1CCOCC1)[C@@H](C)CN([C@@H](C)CO)C(=O)Nc1ccc(cc1)C(F)(F)F,BRD-K08472586,0.3940886699507389,CC[C@H]1NC(=O)[C@@H](NC(=O)c2ncccc2O)[C@@H](C)OC(=O)[C@H](c2ccccc2)NC(=O)[C@@H]2CC(=O)[C@H](CS[C@@H]3CN4CCC3CC4)CN2C(=O)[C@H](Cc2ccc(N(C)C)cc2)N(C)C(=O)[C@@H]2CCCN2C1=O,QUINUPRISTIN,CO[C@@H](CN(C)Cc1cc(ccc1F)F)[C@@H](C)CN([C@@H](C)CO)C(=O)Nc1ccc(cc1)C(F)(F)F,0.5302334141731262,0.047766578955328,BRD-K68423398,6001,DOS Library Production,CO[C@@H](CN(C)Cc1cc(F)ccc1F)[C@@H](C)CN([C@@H](C)CO)C(=O)Nc1ccc(cc1)C(F)(F)F,as drawn,70
CN1N=CC(=C(Cl)C1=O)N1CCN(CC1)c1ncccc1F,0.4221282593375616,CCn1cc(C(=O)O)c(=O)c2cc(F)c(N3CCNCC3)nc21,ENOXACIN,0.4221282593375616,CCn1cc(C(=O)O)c(=O)c2cc(F)c(N3CCNCC3)nc21,ENOXACIN,CN1N=CC(=C(Cl)C1=O)N1CCN(CC1)c1ncccc1F,0.5295309993624687,0.0449811742864898,BRD-K45822456,7159,Calico PRISM,Cn1ncc(N2CCN(CC2)c2ncccc2F)c(Cl)c1=O,as drawn,71
COc1ccc(cc1OC)CCNCc1cc(cc(c1OC)Cl)Cl,0.430784123910939,COc1ccc(c(c1)OC)[C@@H]1C/C=C\C[C@H](NC(=O)[C@H](CC(=O)N1)c1ccccc1)c1cccc(c1)Cl,BRD-K34310565,0.38860103626943,C=CCc1ccc(O)c(OC)c1,eugenol,COc1ccc(cc1OC)CCNCc1cc(cc(c1OC)Cl)Cl,0.5293044659495354,0.0238387675750577,BRD-K93507673,2001,General HTS Sets,COc1ccc(CCNCc2cc(Cl)cc(Cl)c2OC)cc1OC,as drawn,72
Cc1cccc(c1)NC(=O)c1cc(ccc1Cl)N1C(=O)C=CC1=O,0.4922330097087378,COc1ccc(cc1)Sc1ccc(cc1C#N)N(C(=O)c1ccccc1Cl)C(=O)c1ccccc1Cl,BRD-K17727706,0.38473400154202,CC(C)=CCC/C(C)=C/CC/C(C)=C/CN1C(=O)c2cccc(O)c2Nc2c(O)cc(O)cc21,DIAZEPINOMICIN,Cc1cccc(c1)NC(=O)c1cc(ccc1Cl)N1C(=O)C=CC1=O,0.5287374164164066,0.0357404636814881,BRD-K14588098,2001,General HTS Sets,Cc1cccc(NC(=O)c2cc(ccc2Cl)N2C(=O)C=CC2=O)c1 |c:20|,as drawn,73
Clc1ccc(c(c1)Cl)SC(=O)c1csc(n1)-c1ccc2nonc2c1,0.4471988101140307,C=C(NC(=O)C(=C)NC(=O)c1csc(C2=NC3c4csc(n4)C4NC(=O)c5csc(n5)C(C(C)(O)C(C)O)NC(=O)C5CSC(=N5)C(=CC)NC(=O)C(C(C)O)NC(=O)c5csc(n5)C3(CC2)NC(=O)C(C)NC(=O)C(=C)NC(=O)C(C)NC(=O)C(C(C)CC)NC2C=Cc3c(C(C)O)cc(nc3C2O)C(=O)OC4C)n1)C(N)=O,THIOSTREPTON,0.4523565573770491,CNC(=O)C[C@@H]1NC(=O)c2csc(n2)-c2ccc(-c3nc(C4=N[C@H](C(=O)N5CCC[C@H]5C(N)=O)CO4)cs3)nc2-c2csc(n2)-c2csc(n2)C(C(O)c2ccccc2)NC(=O)CNC(=O)c2nc(sc2COC)[C@H](C(C)C)NC(=O)c2nc1sc2C,,Clc1ccc(c(c1)Cl)SC(=O)c1csc(n1)-c1ccc2nonc2c1,0.5270696243643761,0.0197999614167293,BRD-K36290262,2001,General HTS Sets,Clc1ccc(SC(=O)c2csc(n2)-c2ccc3nonc3c2)c(Cl)c1,as drawn,74
CN(C)C1CCN(CC1)C(=O)C1=NO[C@]2(CCN(Cc3ccc(c(c3)F)Cl)C2)C1,0.4564965197215777,C[C@H]1CC/C=C\[C@H]2O[C@@]34C=CCN(C(=O)[C@H]3N(CCO)C(=O)[C@]4(C)[C@@H]2C(=O)O1)c1ccc(cc1)Cl,BRD-A56025606,0.4550590652285567,CN(C)[C@@H]1C(O)=C(C(=O)NCN[C@@H](C(=O)N[C@@H]2C(=O)N3[C@@H](C(=O)O)C(C)(C)S[C@H]23)c2ccccc2)C(=O)[C@@]2(O)C(O)=C3C(=O)c4c(O)cccc4[C@@](C)(O)[C@H]3C[C@@H]12,PENIMOCYCLINE,CN(C)C1CCN(CC1)C(=O)C1=NO[C@]2(CCN(Cc3ccc(c(c3)F)Cl)C2)C1,0.5265267260745168,0.0973133637415901,BRD-A55908331,7120,TPG TB Cpds,"CN(C)C1CCN(CC1)C(=O)C1=NO[C@]2(CCN(Cc3ccc(Cl)c(F)c3)C2)C1 |&1:14,r,t:12|",as drawn,75
ClC1=C(C=NNC1=O)N1CCC(CC1)c1cccc2ccccc12,0.3594029850746268,COc1ccc(cc1)CCN1C(=O)[C@]2(Cc3ccccc31)[C@@H](N(Cc1ccccc1)C(=O)c1ccccc12)c1ccc(cc1)COC(=O)NCCCCCC(=O)NO,BRD-K64176200,0.3560105680317041,N[C@@H]1CCCCN(c2c(F)cc3c(=O)c(C(=O)O)cn(C4CC4)c3c2Cl)C1,BESIFLOXACIN,ClC1=C(C=NNC1=O)N1CCC(CC1)c1cccc2ccccc12,0.5259296187758445,0.0177306891047167,BRD-K67402831,7159,Calico PRISM,Clc1c(cn[nH]c1=O)N1CCC(CC1)c1cccc2ccccc12,as drawn,76
CSc1ccccc1-c1nnc(o1)NC(=O)c1cc(ccc1Cl)Cl,0.6920877025738799,Clc1ccc(c(c1)Cl)C(=O)Nc1nnc(o1)-c1cc(ccc1Cl)Cl,BRD-K90301353-001-01-9,0.4348986125933831,CCCCc1ccc(CNC2C(Oc3c4cc5cc3Oc3ccc(cc3Cl)C(O)C3NC(=O)C(NC(=O)C5NC(=O)C5NC(=O)C(Cc6ccc(cc6)O4)NC(=O)C(NC)c4ccc(O)c(c4)Oc4cc(O)c(Cl)c5c4)c4ccc(O)c(c4)-c4c(cc(O)c(CN5CCN(Cc6ccc(-c7ccccc7)cc6)CC5)c4O)[C@H](C(=O)NCCCN(C)C)NC3=O)OC(C(=O)NCCCN(C)C)C(O)C2O)cc1,,CSc1ccccc1-c1nnc(o1)NC(=O)c1cc(ccc1Cl)Cl,0.5258681184053421,0.0262332147462202,BRD-K70222119,7120,TPG TB Cpds,CSc1ccccc1-c1nnc(NC(=O)c2cc(Cl)ccc2Cl)o1,as drawn,77
CCCCN1C=CC(=C(Cl)C1=O)N1CCC(CC1)c1ccccc1,0.4277891854893908,Cl.NC1CCN(c2c(F)cc3c(=O)c(C(=O)O)cn(C4CC4)c3c2Cl)C1,CLINAFOXACIN HYDROCHLORIDE,0.4303195105370496,N[C@@H]1CCCCN(c2c(F)cc3c(=O)c(C(=O)O)cn(C4CC4)c3c2Cl)C1,BESIFLOXACIN,CCCCN1C=CC(=C(Cl)C1=O)N1CCC(CC1)c1ccccc1,0.5253878679871559,0.0289358867238781,BRD-K55029398,7161,Repurposing,CCCCn1ccc(N2CCC(CC2)c2ccccc2)c(Cl)c1=O,as drawn,78
N[C@@H](Cc1cc(c(c(c1)Cl)OCc1cc(cc2nc(oc12)-c1ccccc1)N)Cl)C(=O)O,0.5386138613861386,C=C(NC(=O)C(=C)NC(=O)c1csc(C2=NC3c4csc(n4)C4NC(=O)c5csc(n5)C(C(C)(O)C(C)O)NC(=O)C5CSC(=N5)C(=CC)NC(=O)C(C(C)O)NC(=O)c5csc(n5)C3(CC2)NC(=O)C(C)NC(=O)C(=C)NC(=O)C(C)NC(=O)C(C(C)CC)NC2C=Cc3c(C(C)O)cc(nc3C2O)C(=O)OC4C)n1)C(N)=O,THIOSTREPTON,0.5774811375507836,C[C@@H](c1ccccc1)[C@@H]1NC(=O)CNC(=O)[C@H](CO)NC(=O)[C@@H]([C@@H](O)[C@@H]2CN=C(N)N2[C@H]2O[C@H](CO)[C@@H](O)[C@H](O)[C@@H]2O)NC(=O)[C@H]([C@H](O)[C@@H]2CN=C(N)N2)NC(=O)[C@@H](Cc2ccc3nc(-c4ccc(OCc5ccccc5)cc4)oc3c2)NC1=O,,N[C@@H](Cc1cc(c(c(c1)Cl)OCc1cc(cc2nc(oc12)-c1ccccc1)N)Cl)C(=O)O,0.525105487704277,0.0417461345414349,BRD-K00003340,7161,Repurposing,N[C@@H](Cc1cc(Cl)c(OCc2cc(N)cc3nc(oc23)-c2ccccc2)c(Cl)c1)C(O)=O,as drawn,79
CCc1ccc(cc1)NC(=S)Nc1ccc(c(c1)Cl)Cl,0.5699208443271768,Clc1ccc(cc1)NC(=O)Nc1ccc(c(c1)Cl)Cl,BRD-K25029121,0.302,N=C(NCCCCCCNC(=N)NC(=N)Nc1ccc(Cl)cc1)NC(=N)Nc1ccc(Cl)cc1,CHLORHEXIDINE,CCc1ccc(cc1)NC(=S)Nc1ccc(c(c1)Cl)Cl,0.5247389277815819,0.0276948384947289,BRD-K46667855,7120,TPG TB Cpds,CCc1ccc(NC(=S)Nc2ccc(Cl)c(Cl)c2)cc1,as drawn,80
OC(=O)c1ccc(cc1)Nc1nc(cs1)-c1ccc(c(c1)Cl)Cl,0.4326292789512017,CCCCCCO[C@@H](C)c1cccc(c1OC)-c1csc(n1)NC(=O)c1cc(c(c(c1)Cl)/C=C(\C)C(=O)O)Cl,BRD-K93228461,0.3517561983471074,CO[C@H]1/C=C/O[C@@]2(C)Oc3c(C)c(O)c4c(=O)c(c5oc6cc(N7CCN(CC(C)C)CC7)cc(O)c6nc-5c4c3C2=O)NC(=O)/C(C)=C\C=C\[C@H](C)[C@H](O)[C@@H](C)[C@@H](O)[C@@H](C)[C@H](OC(C)=O)[C@@H]1C,RIFALAZIL,OC(=O)c1ccc(cc1)Nc1nc(cs1)-c1ccc(c(c1)Cl)Cl,0.5242390471696854,0.0116148582717548,BRD-K78720544,2001,General HTS Sets,OC(=O)c1ccc(Nc2nc(cs2)-c2ccc(Cl)c(Cl)c2)cc1,as drawn,81
Clc1ccc(c(c1)Cl)C(=O)Nc1nnc(o1)-c1ccco1,0.666015625,Clc1ccc(c(c1)Cl)C(=O)Nc1nnc(o1)-c1cc(ccc1Cl)Cl,BRD-K90301353-001-01-9,0.4001071237279057,CN[C@H](CC(C)C)C(=O)N[C@H]1C(=O)N[C@@H](CC(N)=O)C(=O)N[C@H]2C(=O)N[C@H]3C(=O)N[C@H](C(=O)N[C@H](C(=O)NCc4ccc(-c5ccc(Cl)cc5)cc4)c4cc(O)cc(O)c4-c4cc3ccc4O)[C@H](O[C@H]3C[C@](C)(N)[C@@H](O)[C@H](C)O3)c3ccc(cc3)Oc3cc2cc(c3O[C@@H]2O[C@H](CO)[C@@H](O)[C@H](O)[C@H]2O[C@H]2C[C@](C)(N)[C@@H](O)[C@H](C)O2)Oc2ccc(cc2Cl)[C@H]1O,,Clc1ccc(c(c1)Cl)C(=O)Nc1nnc(o1)-c1ccco1,0.523454185128212,0.0353220874226636,BRD-K81172347,7120,TPG TB Cpds,Clc1ccc(C(=O)Nc2nnc(o2)-c2ccco2)c(Cl)c1,as drawn,82
C[C@@H](Oc1ccc(cc1Cl)Cl)C(=O)Nc1cccc(c1N1CCOCC1)Cl,0.3824593128390596,Cc1ccc(cc1)C(=O)N1CCN(CC1)c1ccc(cc1)NC(=O)COc1c(cc(cc1Br)C)C,BRD-K17278870,0.375609756097561,Nc1nc(-n2cc(C(=O)O)c(=O)c3cc(F)c(N4CC(O)C4)c(Cl)c32)c(F)cc1F,DELAFLOXACIN,C[C@@H](Oc1ccc(cc1Cl)Cl)C(=O)Nc1cccc(c1N1CCOCC1)Cl,0.5223970183730126,0.0214590657766058,BRD-A39186071,2001,General HTS Sets,"C[C@@H](Oc1ccc(Cl)cc1Cl)C(=O)Nc1cccc(Cl)c1N1CCOCC1 |&1:1,r|",as drawn,83
Oc1c(cc(cc1C(=O)CSC(=S)N1CCOCC1)Br)Br,0.3342981186685962,CCC(=O)c1c(O)cc(O)cc1O,FLOPROPIONE,0.3121468926553672,CC1OC2OC(=O)OC2C2=C1C(=O)c1c(O)cccc1C2=O,KALAFUNGIN,Oc1c(cc(cc1C(=O)CSC(=S)N1CCOCC1)Br)Br,0.5211135516501963,0.0415852318293971,BRD-K73248890,2001,General HTS Sets,Oc1c(Br)cc(Br)cc1C(=O)CSC(=S)N1CCOCC1,as drawn,84
CO[C@@H](CN(C)Cc1cc(ccc1F)F)[C@@H](C)CN([C@H](C)CO)C(=O)Nc1ccc(cc1)C(F)(F)F,0.6738636363636363,CO[C@@H](CN(C)C(=O)C1CCOCC1)[C@@H](C)CN([C@@H](C)CO)C(=O)Nc1ccc(cc1)C(F)(F)F,BRD-K08472586,0.3940886699507389,CC[C@H]1NC(=O)[C@@H](NC(=O)c2ncccc2O)[C@@H](C)OC(=O)[C@H](c2ccccc2)NC(=O)[C@@H]2CC(=O)[C@H](CS[C@@H]3CN4CCC3CC4)CN2C(=O)[C@H](Cc2ccc(N(C)C)cc2)N(C)C(=O)[C@@H]2CCCN2C1=O,QUINUPRISTIN,CO[C@@H](CN(C)Cc1cc(ccc1F)F)[C@@H](C)CN([C@H](C)CO)C(=O)Nc1ccc(cc1)C(F)(F)F,0.5196262534707785,0.0464776219581158,BRD-K88943141,6001,DOS Library Production,CO[C@@H](CN(C)Cc1cc(F)ccc1F)[C@@H](C)CN([C@H](C)CO)C(=O)Nc1ccc(cc1)C(F)(F)F,as drawn,85
CC1=C([C@@H](NC(=S)N1)c1cccc(c1Cl)Cl)C(=O)N,0.4833068362480127,OC(=O)[C@@H]1[C@@H]2N([C@H]([C@H](OC2=O)c2ccccc2)c2ccccc2)[C@H](c2ccc(cc2)F)[C@@]11C(=O)Nc2ccc(cc21)Cl,BRD-K25411299,0.4803022126281705,CCCCc1ccc(CN2CCN(Cc3c(O)cc4c(c3O)-c3cc(ccc3O)C3NC(=O)C5NC(=O)C6NC(=O)C(Cc7ccc(cc7)Oc7cc5cc(c7OC5OC(C(=O)O)C(O)C(O)C5N)Oc5ccc(cc5Cl)C(O)C(NC3=O)C(=O)N[C@H]4C(=O)O)NC(=O)C(NC)c3ccc(O)c(c3)Oc3cc(O)c(Cl)c6c3)CC2)cc1,,CC1=C([C@@H](NC(=S)N1)c1cccc(c1Cl)Cl)C(=O)N,0.518281726539135,0.0379858226443841,BRD-A76551714,2001,General HTS Sets,"CC1=C([C@@H](NC(=S)N1)c1cccc(Cl)c1Cl)C(N)=O |&1:3,r,t:1|",as drawn,86
Clc1ccc(cc1)C1(CCNCC1)c1ccc(cc1)-c1cn[nH]c1,0.4361948955916473,OC1(CCN(CCCC(c2ccc(cc2)F)c2ccc(cc2)F)CC1)c1ccc(c(c1)C(F)(F)F)Cl,BRD-K15409150,0.456575682382134,Cl.N#CC(CCN1CCC(C(=O)O)(c2ccccc2)CC1)(c1ccccc1)c1ccccc1,DIFENOXIN HYDROCHLORIDE,Clc1ccc(cc1)C1(CCNCC1)c1ccc(cc1)-c1cn[nH]c1,0.5167810189723968,0.0198129495752593,BRD-K12040459,7024,CTD2 Cell Profiling,Clc1ccc(cc1)C1(CCNCC1)c1ccc(cc1)-c1cn[nH]c1,as drawn,87
C[C@@H]1CN(C[C@@H](O1)C(=O)N)c1ccc2c(ccnc2c1F)Cl,0.5206372194062274,CCn1cc(C(=O)O)c(=O)c2cc(F)c(N3CCNC(C)C3)c(F)c21.Cl,LOMEFLOXACIN HYDROCHLORIDE,0.5206372194062274,CCn1cc(C(=O)O)c(=O)c2cc(F)c(N3CCNC(C)C3)c(F)c21,LOMEFLOXACIN,C[C@@H]1CN(C[C@@H](O1)C(=O)N)c1ccc2c(ccnc2c1F)Cl,0.5164243218302726,0.0519916210035503,BRD-A87478151,7159,Calico PRISM,"C[C@@H]1CN(C[C@@H](O1)C(N)=O)c1ccc2c(Cl)ccnc2c1F |a:1,&1:5|",as drawn,88
OC(=O)c1cc(nc(n1)Nc1ccccc1C(=O)O)Nc1ccccc1C(=O)O,0.4326171875,Cc1c(Cl)cccc1Nc1ncccc1C(=O)O,CLONIXIN,0.3902313624678663,CO[C@H]1/C=C/O[C@@]2(C)Oc3c(C)c(O)c4c(=O)c(c5oc6cc(N7CCN(CC(C)C)CC7)cc(O)c6nc-5c4c3C2=O)NC(=O)/C(C)=C\C=C\[C@H](C)[C@H](O)[C@@H](C)[C@@H](O)[C@@H](C)[C@H](OC(C)=O)[C@@H]1C,RIFALAZIL,OC(=O)c1cc(nc(n1)Nc1ccccc1C(=O)O)Nc1ccccc1C(=O)O,0.5128006517887116,0.0381098826955383,BRD-K67214755,2001,General HTS Sets,OC(=O)c1cc(Nc2ccccc2C(O)=O)nc(Nc2ccccc2C(O)=O)n1,as drawn,89
OC(=O)c1nn(c2ccccc12)Cc1ccc(c(c1)Cl)Cl,0.4514637904468413,CCn1nc(C(=O)O)c(=O)c2cc3c(cc21)OCO3,CINOXACIN,0.4049499736703528,CO[C@H]1/C=C/O[C@@]2(C)Oc3c(C)c(O)c4c(c3C2=O)C2=NC3(CCN(CC(C)C)CC3)NC2=C(NC(=O)/C(C)=C\C=C\[C@H](C)[C@H](O)[C@@H](C)[C@@H](O)[C@@H](C)[C@H](OC(C)=O)[C@@H]1C)C4=O,RIFABUTIN,OC(=O)c1nn(c2ccccc12)Cc1ccc(c(c1)Cl)Cl,0.5109679812192917,0.0211323199398621,BRD-K96670504,2001,General HTS Sets,OC(=O)c1nn(Cc2ccc(Cl)c(Cl)c2)c2ccccc12,as drawn,90
CO[C@H](CN(C)Cc1cc(ccc1F)F)[C@@H](C)CN([C@H](C)CO)C(=O)Nc1ccc(cc1)C(F)(F)F,0.6738636363636363,CO[C@@H](CN(C)C(=O)C1CCOCC1)[C@@H](C)CN([C@@H](C)CO)C(=O)Nc1ccc(cc1)C(F)(F)F,BRD-K08472586,0.3940886699507389,CC[C@H]1NC(=O)[C@@H](NC(=O)c2ncccc2O)[C@@H](C)OC(=O)[C@H](c2ccccc2)NC(=O)[C@@H]2CC(=O)[C@H](CS[C@@H]3CN4CCC3CC4)CN2C(=O)[C@H](Cc2ccc(N(C)C)cc2)N(C)C(=O)[C@@H]2CCCN2C1=O,QUINUPRISTIN,CO[C@H](CN(C)Cc1cc(ccc1F)F)[C@@H](C)CN([C@H](C)CO)C(=O)Nc1ccc(cc1)C(F)(F)F,0.5106436688452959,0.0493467347819901,BRD-K99161484,6001,DOS Library Production,CO[C@H](CN(C)Cc1cc(F)ccc1F)[C@@H](C)CN([C@H](C)CO)C(=O)Nc1ccc(cc1)C(F)(F)F,as drawn,91
O=C1C(=CSc2ccccc21)N1CCOCC1,0.3040498442367601,OC(=O)C1=CN(C2CC2)c2c(cc(c(c2C#N)N2C[C@@H]3NCCO[C@H]3C2)F)C1=O,BRD-K98384930-001-02-9,0.3017683970336566,C[C@@H]1O[C@H](C)CN2c3c(cc4c(N5C(=O)OC[C@@H]5C)noc4c3F)CC3(C(=O)NC(=O)NC3=O)[C@@H]12,ZOLIFLODACIN,O=C1C(=CSc2ccccc21)N1CCOCC1,0.5096525447070599,0.0503644023827752,BRD-K19008202,2001,General HTS Sets,O=c1c(csc2ccccc12)N1CCOCC1,as drawn,92
CN1C=C(C(=O)O)C(=O)c2cc(ccc21)C,0.6851664984863775,CCn1cc(C(=O)[O-])c(=O)c2cc3c(cc21)OCO3.[K+],OXOLINIC ACID,0.6367880485527544,CCn1cc(C(=O)O)c(=O)c2cc(F)c(N3CCNCC3)cc21,NORFLOXACIN,CN1C=C(C(=O)O)C(=O)c2cc(ccc21)C,0.5093801781535149,0.0578096795801031,BRD-K94131287,2001,General HTS Sets,Cc1ccc2n(C)cc(C(O)=O)c(=O)c2c1,as drawn,93
Nc1nccnc1C(=O)Nc1nnc(s1)SCc1ccc(cc1)Cl,0.3946188340807174,C=C(NC(=O)C(=C)NC(=O)c1csc(C2=NC3c4csc(n4)C4NC(=O)c5csc(n5)C(C(C)(O)C(C)O)NC(=O)C5CSC(=N5)C(=CC)NC(=O)C(C(C)O)NC(=O)c5csc(n5)C3(CC2)NC(=O)C(C)NC(=O)C(=C)NC(=O)C(C)NC(=O)C(C(C)CC)NC2C=Cc3c(C(C)O)cc(nc3C2O)C(=O)OC4C)n1)C(N)=O,THIOSTREPTON,0.3882415254237288,CN[C@H](CC(C)C)C(=O)N[C@H]1C(=O)N[C@@H](CC(N)=O)C(=O)N[C@H]2C(=O)N[C@H]3C(=O)N[C@H](C(=O)N[C@H](C(=O)O)c4cc(O)cc(O)c4-c4cc3ccc4O)[C@H](O[C@H]3C[C@](C)(N)[C@@H](O)[C@H](C)O3)c3ccc(c(Cl)c3)Oc3cc2cc(c3O[C@@H]2O[C@H](CO)[C@@H](O)[C@H](O)[C@H]2O[C@H]2C[C@](C)(NCc3ccc(-c4ccc(Cl)cc4)cc3)[C@@H](O)[C@H](C)O2)Oc2ccc(cc2Cl)[C@H]1O,ORITAVANCIN,Nc1nccnc1C(=O)Nc1nnc(s1)SCc1ccc(cc1)Cl,0.5091802224516868,0.0346825860573902,BRD-K38089706,2037,MLPCN Antifungal,Nc1nccnc1C(=O)Nc1nnc(SCc2ccc(Cl)cc2)s1,as drawn,94
Cn1c(nnc1-c1ccc(c(c1)Cl)Cl)SCC(=O)Nc1ccc(c(c1)Cl)Cl,0.4087730451366815,Cn1cc(cn1)-c1[nH]c2cc(cc3c2c1C=NNC3=O)NC(=O)[C@H](N)C1CCCCC1,BRD-K03063480,0.4114699331848552,NC1Cc2ccc(c(Cl)c2)Oc2cc3cc(c2O)Oc2ccc(cc2Cl)C(O)C2NC(=O)C(NC(=O)C3NC(=O)C(c3cc(O)cc(Oc4cc(C5NC(=S)N(c6ccccc6)C5=O)ccc4O)c3)NC1=O)c1ccc(O)c(c1)-c1c(cc(O)c(CNC3C4CC5CC(C4)CC3C5)c1O)[C@H](C(=O)O)NC2=O,,Cn1c(nnc1-c1ccc(c(c1)Cl)Cl)SCC(=O)Nc1ccc(c(c1)Cl)Cl,0.5090363921225071,0.0228849534468289,BRD-K23982137,2001,General HTS Sets,Cn1c(SCC(=O)Nc2ccc(Cl)c(Cl)c2)nnc1-c1ccc(Cl)c(Cl)c1,as drawn,95
[Pt+2].CCCCCCCCCCCCCC(=O)O.CCCCCCCCCCCCCC(=O)O.N[C@H]1CCCC[C@@H]1N,0.4552845528455284,CCCCCC/C=C\CCCCCCCC(=O)O,BRD-K91356052,0.2153846153846154,CCCCCCCCCCCCCC[N+](C)(C)C,CETRIMIDE,[Pt+2].CCCCCCCCCCCCCC(=O)O.CCCCCCCCCCCCCC(=O)O.N[C@H]1CCCC[C@@H]1N,0.5088415783643723,0.0420611582549029,BRD-M78068755,7161,Repurposing,"[Pt++].N[C@H]1CCCC[C@@H]1N.CCCCCCCCCCCCCC(O)=O.CCCCCCCCCCCCCC(O)=O |&1:2,&2:7,r|",as drawn,96
Cn1ccnc1-c1noc(n1)NC(=O)c1cc(cc(c1)Cl)Cl,0.3832630098452883,CCCCCCO[C@@H](C)c1cccc(c1OC)-c1csc(n1)NC(=O)c1cc(c(c(c1)Cl)/C=C(\C)C(=O)O)Cl,BRD-K93228461,0.3548559231590181,CO[C@H]1/C=C/O[C@@]2(C)Oc3c(C)c(O)c4c(c3C2=O)C2=NC3(CCN(CC(C)C)CC3)NC2=C(NC(=O)/C(C)=C\C=C\[C@H](C)[C@H](O)[C@@H](C)[C@@H](O)[C@@H](C)[C@H](OC(C)=O)[C@@H]1C)C4=O,RIFABUTIN,Cn1ccnc1-c1noc(n1)NC(=O)c1cc(cc(c1)Cl)Cl,0.5080540139973163,0.0425918464499259,BRD-K56779885,7159,Calico PRISM,Cn1ccnc1-c1noc(NC(=O)c2cc(Cl)cc(Cl)c2)n1,as drawn,97
CO[C@@H](CN(C)C(=O)c1cc(cc(c1)Cl)Cl)[C@H](C)CN([C@@H](C)CO)C(=O)Nc1ccc(cc1)F,0.609860664523044,CO[C@@H](CN(C)C(=O)C1CCOCC1)[C@@H](C)CN([C@@H](C)CO)C(=O)Nc1ccc(cc1)C(F)(F)F,BRD-K08472586,0.4078431372549019,CC1=C\[C@@H](O)CC(=O)Cc2nc(co2)C(=O)N2CCC=C2C(=O)O[C@H](C(C)C)[C@H](C)/C=C/C(=O)NC\C=C\1.CC[C@H]1NC(=O)[C@@H](NC(=O)c2ncccc2O)[C@@H](C)OC(=O)[C@H](c2ccccc2)NC(=O)[C@@H]2CC(=O)CCN2C(=O)[C@H](Cc2ccc(N(C)C)cc2)N(C)C(=O)[C@@H]2CCCN2C1=O,MIKAMYCIN,CO[C@@H](CN(C)C(=O)c1cc(cc(c1)Cl)Cl)[C@H](C)CN([C@@H](C)CO)C(=O)Nc1ccc(cc1)F,0.5071201461553574,0.0488881276433282,BRD-K86571176,6001,DOS Library Production,CO[C@@H](CN(C)C(=O)c1cc(Cl)cc(Cl)c1)[C@H](C)CN([C@@H](C)CO)C(=O)Nc1ccc(F)cc1,as drawn,98
C[C@@H]1C/C=C\[C@H]2[C@@H](O)C(=C)[C@@H](C)[C@H]3[C@@H](Cc4ccccc4)NC(=O)[C@]23[C@@H](O)/C=C\[C@](C)(O)C1,0.6763358778625954,C[C@H]1NC(=O)[C@H](Cc2ccccc2)NC(=O)[C@]23[C@H](/C=C/C/C=C\CNC1=O)[C@@H]1O[C@]1(C)[C@@H](C)[C@H]2[C@H](Cc1ccccc1)NC3=O,BRD-A35941994,0.5331460674157303,C=C1c2cccc(O)c2C(=O)C2=C(O)[C@]3(O)C(=O)C(C(N)=O)=C(O)[C@@H](N(C)C)[C@@H]3[C@@H](O)[C@H]12,METHACYCLINE,C[C@@H]1C/C=C\[C@H]2[C@@H](O)C(=C)[C@@H](C)[C@H]3[C@@H](Cc4ccccc4)NC(=O)[C@]23[C@@H](O)/C=C\[C@](C)(O)C1,0.5069322161376476,0.055879461059714,BRD-A99714962,2001,General HTS Sets,"C[C@H]1[C@H]2[C@@H](Cc3ccccc3)NC(=O)[C@]22[C@@H](\C=C/C[C@@H](C)C[C@@](C)(O)\C=C/[C@@H]2O)[C@@H](O)C1=C |&1:1,&2:2,&3:3,&4:14,&5:15,&6:19,&7:22,&8:27,&9:29,r,c:18,27|",as drawn,99
COc1ccc(cc1)C1=C(O)C(=O)c2c(cc(c(c2O1)CC=C(C)C)O)O,0.6470994475138122,OC[C@H]1O[C@@H](OC2=C(Oc3cc(cc(c3C2=O)O)O)c2ccc(cc2)O)[C@H](O)[C@@H](O)[C@@H]1O,BRD-K44487476,0.5573854863612969,CO[C@H]1/C=C/O[C@@]2(C)Oc3c(C)c(O)c4c(=O)c(c5oc6cc(N7CCN(CC(C)C)CC7)cc(O)c6nc-5c4c3C2=O)NC(=O)/C(C)=C\C=C\[C@H](C)[C@H](O)[C@@H](C)[C@@H](O)[C@@H](C)[C@H](OC(C)=O)[C@@H]1C,RIFALAZIL,COc1ccc(cc1)C1=C(O)C(=O)c2c(cc(c(c2O1)CC=C(C)C)O)O,0.5067943289875985,0.0133801218864726,BRD-A61299447,7161,Repurposing,COc1ccc(cc1)-c1oc2c(CC=C(C)C)c(O)cc(O)c2c(=O)c1O,as drawn,100
Clc1ccc(c(c1)Cl)N1CC[C@@H](C1)NC(=O)c1cnns1,0.3970443349753694,COc1ccc(cc1)N1C(=O)C[C@H](N2CCCN(CC2)[C@@H]2CC(=O)N(C2=O)c2ccc(cc2)OC)C1=O,BRD-A80213576,0.3706896551724138,N[C@@H]1CCCCN(c2c(F)cc3c(=O)c(C(=O)O)cn(C4CC4)c3c2Cl)C1,BESIFLOXACIN,Clc1ccc(c(c1)Cl)N1CC[C@@H](C1)NC(=O)c1cnns1,0.5023908591270447,0.0381949576649742,BRD-A01935928,7159,Calico PRISM,"Clc1ccc(N2CC[C@@H](C2)NC(=O)c2cnns2)c(Cl)c1 |&1:8,r|",as drawn,101
CN(CC1CC1)c1c(nc2c(cccn12)OCc1ccc(cc1Cl)Cl)C,0.4888448190381755,C=C(NC(=O)C(=C)NC(=O)c1csc(C2=NC3c4csc(n4)C4NC(=O)c5csc(n5)C(C(C)(O)C(C)O)NC(=O)C5CSC(=N5)C(=CC)NC(=O)C(C(C)O)NC(=O)c5csc(n5)C3(CC2)NC(=O)C(C)NC(=O)C(=C)NC(=O)C(C)NC(=O)C(C(C)CC)NC2C=Cc3c(C(C)O)cc(nc3C2O)C(=O)OC4C)n1)C(N)=O,THIOSTREPTON,0.4854517611026033,CN(C)[C@@H]1C(O)=C(C(=O)NCN[C@@H](C(=O)N[C@@H]2C(=O)N3[C@@H](C(=O)O)C(C)(C)S[C@H]23)c2ccccc2)C(=O)[C@@]2(O)C(O)=C3C(=O)c4c(O)cccc4[C@@](C)(O)[C@H]3C[C@@H]12,PENIMOCYCLINE,CN(CC1CC1)c1c(nc2c(cccn12)OCc1ccc(cc1Cl)Cl)C,0.5020611733198166,0.0193069063175715,BRD-K02910764,2001,General HTS Sets,CN(CC1CC1)c1c(C)nc2c(OCc3ccc(Cl)cc3Cl)cccn12,as drawn,102
Clc1ccc(c(c1)Cl)C(=O)Oc1ccc(c2cccnc12)Cl,0.6850393700787402,O=C(Oc1cccc2cccnc12)c1ccccc1,BENZOXIQUINE,0.3948199620972836,C[C@H]1COc2c(C3(N)CC3)c(F)cc3c(=O)c(C(=O)O)cn1c23,PAZUFLOXACIN,Clc1ccc(c(c1)Cl)C(=O)Oc1ccc(c2cccnc12)Cl,0.501845468878746,0.0231867730296061,BRD-K80087380,7120,TPG TB Cpds,Clc1ccc(C(=O)Oc2ccc(Cl)c3cccnc23)c(Cl)c1,as drawn,103
Cn1c(nc2ccccc12)NC(=O)c1ccc(c(c1)Cl)Cl,0.4117168429617575,Cn1c(nc2cc(ccc12)Oc1ccnc(c1)-c1ncc([nH]1)C(F)(F)F)Nc1ccc(cc1)C(F)(F)F,BRD-K93123848,0.354054054054054,CC(C)Cn1cnc2c(N)nc3ccccc3c21,IMIQUIMOD,Cn1c(nc2ccccc12)NC(=O)c1ccc(c(c1)Cl)Cl,0.5006607256829738,0.0267098731872692,BRD-K98036085,7108,MLPCN TB Replicating and Non replicating (derived from 2157),Cn1c(NC(=O)c2ccc(Cl)c(Cl)c2)nc2ccccc12,as drawn,104
