num,init_lr,dropout,hiddensize,ffn num layers,depth,mean auc,mean prc-auc
0.0,0.001,0.1,300.0,1.0,3.0,0.7032024544211729,0.419176887029981
1.0,0.001,0.1,300.0,1.0,4.0,0.7225693233312525,0.4329754178729115
2.0,0.001,0.1,300.0,1.0,5.0,0.7122643498027706,0.4354892547405091
3.0,0.001,0.1,300.0,2.0,3.0,0.7609869869094584,0.4496071055035663
4.0,0.001,0.1,300.0,2.0,4.0,0.780816452449779,0.4814435648385283
5.0,0.001,0.1,300.0,2.0,5.0,0.7710583534642156,0.4615477388385907
6.0,0.001,0.1,300.0,3.0,3.0,0.8195794918979235,0.5652176205220822
7.0,0.001,0.1,300.0,3.0,4.0,0.8209794145228075,0.5459299469824376
8.0,0.001,0.1,300.0,3.0,5.0,0.8174984123203561,0.5454531617900118
9.0,0.001,0.1,500.0,1.0,3.0,0.7562901943772927,0.4902795021763674
10.0,0.001,0.1,500.0,1.0,4.0,0.7485190306176314,0.4695595506146889
11.0,0.001,0.1,500.0,1.0,5.0,0.752384373378598,0.4589596108968146
12.0,0.001,0.1,500.0,2.0,3.0,0.7753904312411026,0.4990722010510167
13.0,0.001,0.1,500.0,2.0,4.0,0.7716145150975701,0.5329501767157602
14.0,0.001,0.1,500.0,2.0,5.0,0.777343487849763,0.519324485185654
15.0,0.001,0.1,500.0,3.0,3.0,0.8014558054530879,0.5632889786675569
16.0,0.001,0.1,500.0,3.0,4.0,0.7866205493057595,0.5292843178899251
17.0,0.001,0.1,500.0,3.0,5.0,0.7825872367257073,0.55797680307833
18.0,0.001,0.1,700.0,1.0,3.0,0.74996558600906,0.5106607945163221
19.0,0.001,0.1,700.0,1.0,4.0,0.7464407659395559,0.5122181516515291
20.0,0.001,0.1,700.0,1.0,5.0,0.7468943737620214,0.4760217589157796
21.0,0.001,0.1,700.0,2.0,3.0,0.7627689738323138,0.4940548235739572
22.0,0.001,0.1,700.0,2.0,4.0,0.7730730397910617,0.5099744595781178
23.0,0.001,0.1,700.0,2.0,5.0,0.7802583382820436,0.5264587894506675
24.0,0.001,0.1,700.0,3.0,3.0,0.7996319665129935,0.5825021390829384
25.0,0.001,0.1,700.0,3.0,4.0,0.7924065217371791,0.5882702776436693
26.0,0.001,0.1,700.0,3.0,5.0,0.7976601497738627,0.5900441235230708
27.0,0.001,0.1,1000.0,1.0,3.0,0.7596491474907859,0.5312309582213236
28.0,0.001,0.1,1000.0,1.0,4.0,0.7511215877972403,0.5162918984925743
29.0,0.001,0.1,1000.0,1.0,5.0,0.7537814556604879,0.5040375831004537
30.0,0.001,0.1,1000.0,2.0,3.0,0.758501048454478,0.4761602942108907
31.0,0.001,0.1,1000.0,2.0,4.0,0.7772604831299507,0.5147182322464271
32.0,0.001,0.1,1000.0,2.0,5.0,0.7646553852995783,0.5360064784881812
33.0,0.001,0.1,1000.0,3.0,3.0,0.7880849053955857,0.5360660085370591
34.0,0.001,0.1,1000.0,3.0,4.0,0.798797695778268,0.5676155329540556
35.0,0.001,0.1,1000.0,3.0,5.0,0.8051168743758527,0.5929535253820485
36.0,0.001,0.1,1200.0,1.0,3.0,0.7498242266162962,0.5215229331787424
37.0,0.001,0.1,1200.0,1.0,4.0,0.7487929539660024,0.5186497717326893
38.0,0.001,0.1,1200.0,1.0,5.0,0.7468604808540124,0.505192111471212
39.0,0.001,0.1,1200.0,2.0,3.0,0.766108271967354,0.5257114479814197
40.0,0.001,0.1,1200.0,2.0,4.0,0.7622408472917965,0.5048164395672509
41.0,0.001,0.1,1200.0,2.0,5.0,0.7431688989805147,0.44768404612028
42.0,0.001,0.1,1200.0,3.0,3.0,0.7992263552712117,0.5752095667827993
43.0,0.001,0.1,1200.0,3.0,4.0,0.8105390936467641,0.5956504722262749
44.0,0.001,0.1,1200.0,3.0,5.0,0.786928132457251,0.5425302621326822
45.0,0.001,0.1,1500.0,1.0,3.0,0.7505296431428886,0.5275718777160741
46.0,0.001,0.1,1500.0,1.0,4.0,0.7585654228056825,0.5047440339563501
47.0,0.001,0.1,1500.0,1.0,5.0,0.7457083716248717,0.4820166357181957
48.0,0.001,0.1,1500.0,2.0,3.0,0.7622489937076109,0.5146702567414158
49.0,0.001,0.1,1500.0,2.0,4.0,0.7502805135123559,0.5053749690297425
50.0,0.001,0.1,1500.0,2.0,5.0,0.7539777979956598,0.5185492705515035
51.0,0.001,0.1,1500.0,3.0,3.0,0.7893703370087369,0.5532553637545012
52.0,0.001,0.1,1500.0,3.0,4.0,0.784983618801391,0.5273725925403154
53.0,0.001,0.1,1500.0,3.0,5.0,0.7965084564611759,0.5875179525025164
54.0,0.001,0.2,300.0,1.0,3.0,0.7244596201061584,0.4466045781547916
55.0,0.001,0.2,300.0,1.0,4.0,0.7096017576613062,0.4471112329683643
56.0,0.001,0.2,300.0,1.0,5.0,0.7057104219878232,0.4328075976859913
57.0,0.001,0.2,300.0,2.0,3.0,0.7785890520812749,0.4849226239892382
58.0,0.001,0.2,300.0,2.0,4.0,0.7748994742228447,0.4733801926636167
59.0,0.001,0.2,300.0,2.0,5.0,0.7743076411382516,0.4822774316370917
60.0,0.001,0.2,300.0,3.0,3.0,0.8181728999797618,0.5334117434174458
61.0,0.001,0.2,300.0,3.0,4.0,0.8020396733644163,0.5161757004091951
62.0,0.001,0.2,300.0,3.0,5.0,0.8065520591932378,0.5302259794774583
63.0,0.001,0.2,500.0,1.0,3.0,0.759152689460073,0.4692268486415562
64.0,0.001,0.2,500.0,1.0,4.0,0.7486895546251199,0.4927785609331025
65.0,0.001,0.2,500.0,1.0,5.0,0.7473707293902901,0.4610495684695219
66.0,0.001,0.2,500.0,2.0,3.0,0.7630124869792961,0.4784964488957346
67.0,0.001,0.2,500.0,2.0,4.0,0.7861763538405745,0.5291872500130655
68.0,0.001,0.2,500.0,2.0,5.0,0.7726526901460297,0.5107198849833784
69.0,0.001,0.2,500.0,3.0,3.0,0.7891008563927407,0.5377800410131487
70.0,0.001,0.2,500.0,3.0,4.0,0.77122228607795,0.5331743469553666
71.0,0.001,0.2,500.0,3.0,5.0,0.7886237865653568,0.5584106582517702
72.0,0.001,0.2,700.0,1.0,3.0,0.7518728328636697,0.515861639232709
73.0,0.001,0.2,700.0,1.0,4.0,0.7474029292876438,0.5034938102002452
74.0,0.001,0.2,700.0,1.0,5.0,0.7511664563113225,0.4984237886046241
75.0,0.001,0.2,700.0,2.0,3.0,0.7684579427832879,0.497611527622535
76.0,0.001,0.2,700.0,2.0,4.0,0.7798243727162797,0.5348546457023301
77.0,0.001,0.2,700.0,2.0,5.0,0.7803296344108821,0.4961434136068492
78.0,0.001,0.2,700.0,3.0,3.0,0.7907031079544966,0.5805737079290949
79.0,0.001,0.2,700.0,3.0,4.0,0.7885602816186322,0.5732851959730775
80.0,0.001,0.2,700.0,3.0,5.0,0.8034360414471914,0.5551685963983983
81.0,0.001,0.2,1000.0,1.0,3.0,0.7174791356613417,0.4792088949158308
82.0,0.001,0.2,1000.0,1.0,4.0,0.7522211279514598,0.5207118952156825
83.0,0.001,0.2,1000.0,1.0,5.0,0.7514435392338322,0.4993869791265186
84.0,0.001,0.2,1000.0,2.0,3.0,0.7498017904085864,0.4320684677290513
85.0,0.001,0.2,1000.0,2.0,4.0,0.7852478315098209,0.5323270530735754
86.0,0.001,0.2,1000.0,2.0,5.0,0.764828387758644,0.5244763037955287
87.0,0.001,0.2,1000.0,3.0,3.0,0.7851321982544496,0.555969187680554
88.0,0.001,0.2,1000.0,3.0,4.0,0.7952169664108362,0.5542937611352784
89.0,0.001,0.2,1000.0,3.0,5.0,0.7984028728359752,0.5864506568726369
90.0,0.001,0.2,1200.0,1.0,3.0,0.7468538955242932,0.5306513318499145
91.0,0.001,0.2,1200.0,1.0,4.0,0.743087307774483,0.5148850284197829
92.0,0.001,0.2,1200.0,1.0,5.0,0.7546458764791951,0.500576045453705
93.0,0.001,0.2,1200.0,2.0,3.0,0.7725050188563866,0.5197272920974402
94.0,0.001,0.2,1200.0,2.0,4.0,0.7730357729898113,0.5136159172936245
95.0,0.001,0.2,1200.0,2.0,5.0,0.7724939338432527,0.526447421612234
96.0,0.001,0.2,1200.0,3.0,3.0,0.7895765960762202,0.5604543580699616
97.0,0.001,0.2,1200.0,3.0,4.0,0.79853296440404,0.5689450406829012
98.0,0.001,0.2,1200.0,3.0,5.0,0.7913226463417292,0.5424891361174025
99.0,0.001,0.2,1500.0,1.0,3.0,0.7504492135599627,0.5358299644123172
100.0,0.001,0.2,1500.0,1.0,4.0,0.7577488682121146,0.5122504508156365
101.0,0.001,0.2,1500.0,1.0,5.0,0.7453907662353451,0.4795124230490651
102.0,0.001,0.2,1500.0,2.0,3.0,0.7636203880173618,0.5212192670787107
103.0,0.001,0.2,1500.0,2.0,4.0,0.756060368986531,0.4904579420728571
104.0,0.001,0.2,1500.0,2.0,5.0,0.7474004342129784,0.4939883357922954
105.0,0.001,0.2,1500.0,3.0,3.0,0.7879407101548463,0.557773436138106
106.0,0.001,0.2,1500.0,3.0,4.0,0.7943918876502538,0.5800057725799789
107.0,0.001,0.2,1500.0,3.0,5.0,0.8018913397379975,0.5613432563360462
108.0,0.001,0.3,300.0,1.0,3.0,0.7211918308500431,0.4045774653451299
109.0,0.001,0.3,300.0,1.0,4.0,0.7313442235530476,0.4510091724036635
110.0,0.001,0.3,300.0,1.0,5.0,0.723641112384528,0.4347054366956269
111.0,0.001,0.3,300.0,2.0,3.0,0.7710561539158315,0.4808091505538022
112.0,0.001,0.3,300.0,2.0,4.0,0.7674015593467094,0.4608552175704466
113.0,0.001,0.3,300.0,2.0,5.0,0.7700779232079529,0.4770905274707633
114.0,0.001,0.3,300.0,3.0,3.0,0.796632073675598,0.5066289497457294
115.0,0.001,0.3,300.0,3.0,4.0,0.7884370902860359,0.4959039238948755
116.0,0.001,0.3,300.0,3.0,5.0,0.7722885165740493,0.5124341334164407
117.0,0.001,0.3,500.0,1.0,3.0,0.7074150222434324,0.448307174781887
118.0,0.001,0.3,500.0,1.0,4.0,0.7456258855708574,0.4820174364082154
119.0,0.001,0.3,500.0,1.0,5.0,0.7378455756353574,0.4412046446863097
120.0,0.001,0.3,500.0,2.0,3.0,0.7665102701469712,0.4876630448633749
121.0,0.001,0.3,500.0,2.0,4.0,0.76562593580142,0.4739724567881421
122.0,0.001,0.3,500.0,2.0,5.0,0.7744074528604719,0.4662514314899593
123.0,0.001,0.3,500.0,3.0,3.0,0.7767716665463391,0.5121337565070123
124.0,0.001,0.3,500.0,3.0,4.0,0.7847271702625566,0.5510869105328263
125.0,0.001,0.3,500.0,3.0,5.0,0.7820142477351428,0.5543876257071334
126.0,0.001,0.3,700.0,1.0,3.0,0.7420241186250477,0.4904229840323692
127.0,0.001,0.3,700.0,1.0,4.0,0.7492523595145678,0.5059349006565353
128.0,0.001,0.3,700.0,1.0,5.0,0.749339269515171,0.4898940339170843
129.0,0.001,0.3,700.0,2.0,3.0,0.7622820773002115,0.5010272598185889
130.0,0.001,0.3,700.0,2.0,4.0,0.7658081032221102,0.4745732858639912
131.0,0.001,0.3,700.0,2.0,5.0,0.7820200012319539,0.4924779254261455
132.0,0.001,0.3,700.0,3.0,3.0,0.7850438868681353,0.5330515889812337
133.0,0.001,0.3,700.0,3.0,4.0,0.7945448777344684,0.5636166052261169
134.0,0.001,0.3,700.0,3.0,5.0,0.7983667406453124,0.5843769980708535
135.0,0.001,0.3,1000.0,1.0,3.0,0.7526186039301627,0.5172201678933485
136.0,0.001,0.3,1000.0,1.0,4.0,0.751931208485105,0.496495780722689
137.0,0.001,0.3,1000.0,1.0,5.0,0.7469148717261174,0.4805659174403735
138.0,0.001,0.3,1000.0,2.0,3.0,0.7413760337305776,0.4279139661584907
139.0,0.001,0.3,1000.0,2.0,4.0,0.7878283789572277,0.5256666281498052
140.0,0.001,0.3,1000.0,2.0,5.0,0.7751955112401255,0.5230222194213203
141.0,0.001,0.3,1000.0,3.0,3.0,0.7807022205801188,0.5480220725268319
142.0,0.001,0.3,1000.0,3.0,4.0,0.7917866519907323,0.524154512771473
143.0,0.001,0.3,1000.0,3.0,5.0,0.7922352310745548,0.5635706856678008
144.0,0.001,0.3,1200.0,1.0,3.0,0.7479632369397285,0.5095743681139019
145.0,0.001,0.3,1200.0,1.0,4.0,0.7472723902955879,0.5104399540778909
146.0,0.001,0.3,1200.0,1.0,5.0,0.7470223840091769,0.5002067939601638
147.0,0.001,0.3,1200.0,2.0,3.0,0.7489142567546269,0.4540548722963595
148.0,0.001,0.3,1200.0,2.0,4.0,0.7724572050872682,0.5098161566885773
149.0,0.001,0.3,1200.0,2.0,5.0,0.7681136645460471,0.4767844136772761
150.0,0.001,0.3,1200.0,3.0,3.0,0.7962620820227156,0.585012664750017
151.0,0.001,0.3,1200.0,3.0,4.0,0.8015542030678461,0.6024041588487318
152.0,0.001,0.3,1200.0,3.0,5.0,0.7955630094942211,0.5635404432036352
153.0,0.001,0.3,1500.0,1.0,3.0,0.755295421279432,0.5313956087281818
154.0,0.001,0.3,1500.0,1.0,4.0,0.7602016136674337,0.5058752221214753
155.0,0.001,0.3,1500.0,1.0,5.0,0.750841249208964,0.4932384754568278
156.0,0.001,0.3,1500.0,2.0,3.0,0.7711488683002511,0.5258808025038811
157.0,0.001,0.3,1500.0,2.0,4.0,0.7609155798045433,0.5323848683593112
158.0,0.001,0.3,1500.0,2.0,5.0,0.7673136313939776,0.4919758280847912
159.0,0.001,0.3,1500.0,3.0,3.0,0.7814184254062005,0.509671596268935
160.0,0.001,0.3,1500.0,3.0,4.0,0.7918438195970753,0.5499785821673956
161.0,0.001,0.3,1500.0,3.0,5.0,0.795807404767435,0.5442271577097253
162.0,0.001,0.4,300.0,1.0,3.0,0.7145830377264808,0.4183936462797601
163.0,0.001,0.4,300.0,1.0,4.0,0.7153149531096367,0.4293470591279982
164.0,0.001,0.4,300.0,1.0,5.0,0.7153511692638577,0.429607838285921
165.0,0.001,0.4,300.0,2.0,3.0,0.7654972698752053,0.4742694789604814
166.0,0.001,0.4,300.0,2.0,4.0,0.7653656405018504,0.4677231784345796
167.0,0.001,0.4,300.0,2.0,5.0,0.7654785494790047,0.4750831625504888
168.0,0.001,0.4,300.0,3.0,3.0,0.7447391373578194,0.4464457069392282
169.0,0.001,0.4,300.0,3.0,4.0,0.7606789811837965,0.4715942446573116
170.0,0.001,0.4,300.0,3.0,5.0,0.7586711117225423,0.4810012536303229
171.0,0.001,0.4,500.0,1.0,3.0,0.7134174505652032,0.4311904755471685
172.0,0.001,0.4,500.0,1.0,4.0,0.7465117449999475,0.4496821508497536
173.0,0.001,0.4,500.0,1.0,5.0,0.7412912896081233,0.4397864643532538
174.0,0.001,0.4,500.0,2.0,3.0,0.759669892850538,0.4867867574728651
175.0,0.001,0.4,500.0,2.0,4.0,0.7594504586285972,0.4668968443812472
176.0,0.001,0.4,500.0,2.0,5.0,0.7601582823649601,0.4800602863412953
177.0,0.001,0.4,500.0,3.0,3.0,0.767662534581477,0.4806337457050291
178.0,0.001,0.4,500.0,3.0,4.0,0.7497834710443908,0.4825726658899131
179.0,0.001,0.4,500.0,3.0,5.0,0.7769048585748052,0.4916179564386074
180.0,0.001,0.4,700.0,1.0,3.0,0.7447659599405462,0.4541126557409292
181.0,0.001,0.4,700.0,1.0,4.0,0.742620058587783,0.4809279500291012
182.0,0.001,0.4,700.0,1.0,5.0,0.7505615911495674,0.483038580113329
183.0,0.001,0.4,700.0,2.0,3.0,0.7545100247566024,0.4815404004942973
184.0,0.001,0.4,700.0,2.0,4.0,0.7587827563272462,0.4616405221472228
185.0,0.001,0.4,700.0,2.0,5.0,0.750613078663604,0.4696624856940024
186.0,0.001,0.4,700.0,3.0,3.0,0.7734028321094089,0.5196384935006084
187.0,0.001,0.4,700.0,3.0,4.0,0.766514383089148,0.5164794241763543
188.0,0.001,0.4,700.0,3.0,5.0,0.7796378001347867,0.5350817155119257
189.0,0.001,0.4,1000.0,1.0,3.0,0.7158819300549988,0.446737610420187
190.0,0.001,0.4,1000.0,1.0,4.0,0.7497843471065871,0.4966023015484437
191.0,0.001,0.4,1000.0,1.0,5.0,0.7442252238970376,0.4801665009741997
192.0,0.001,0.4,1000.0,2.0,3.0,0.7401171594940453,0.4268426327437843
193.0,0.001,0.4,1000.0,2.0,4.0,0.7648692670283773,0.4906278344220113
194.0,0.001,0.4,1000.0,2.0,5.0,0.7786622876410902,0.5228969539972604
195.0,0.001,0.4,1000.0,3.0,3.0,0.7856242908586295,0.5260289669803643
196.0,0.001,0.4,1000.0,3.0,4.0,0.7916648426643792,0.5495076098388701
197.0,0.001,0.4,1000.0,3.0,5.0,0.7809876382003614,0.5093010289513646
198.0,0.001,0.4,1200.0,1.0,3.0,0.7490254263291396,0.5024777461062909
199.0,0.001,0.4,1200.0,1.0,4.0,0.7426789783185188,0.4991882245999466
200.0,0.001,0.4,1200.0,1.0,5.0,0.7360101375113497,0.4654839546417579
201.0,0.001,0.4,1200.0,2.0,3.0,0.7573086116979552,0.4849670416483052
202.0,0.001,0.4,1200.0,2.0,4.0,0.7529197612826954,0.4408755450516408
203.0,0.001,0.4,1200.0,2.0,5.0,0.7757488783287906,0.4998631402115057
204.0,0.001,0.4,1200.0,3.0,3.0,0.7778889212727004,0.5516370095425132
205.0,0.001,0.4,1200.0,3.0,4.0,0.7832346432539953,0.5722355862866083
206.0,0.001,0.4,1200.0,3.0,5.0,0.7793628643046399,0.5309336277761105
207.0,0.001,0.4,1500.0,1.0,3.0,0.7554069228068405,0.5177479887586367
208.0,0.001,0.4,1500.0,1.0,4.0,0.747787024613201,0.5017859437152268
209.0,0.001,0.4,1500.0,1.0,5.0,0.7462866412447537,0.473437419443572
210.0,0.001,0.4,1500.0,2.0,3.0,0.7871044033038342,0.5554700544533823
211.0,0.001,0.4,1500.0,2.0,4.0,0.7673744054047686,0.5302317674986247
212.0,0.001,0.4,1500.0,2.0,5.0,0.7670587012809654,0.5094783930929087
213.0,0.001,0.4,1500.0,3.0,3.0,0.7751180644838077,0.5341367105805247
214.0,0.001,0.4,1500.0,3.0,4.0,0.7870650027256539,0.5359356749892684
215.0,0.001,0.4,1500.0,3.0,5.0,0.7833987520215787,0.5193505357208862
216.0,0.0001,0.1,300.0,1.0,3.0,0.6993555337737463,0.4163712459882287
217.0,0.0001,0.1,300.0,1.0,4.0,0.710839323049318,0.429612242865319
218.0,0.0001,0.1,300.0,1.0,5.0,0.7070001411279841,0.4320643826367751
219.0,0.0001,0.1,300.0,2.0,3.0,0.777650598133761,0.4821126995028197
220.0,0.0001,0.1,300.0,2.0,4.0,0.7788043081832664,0.4812242380877194
221.0,0.0001,0.1,300.0,2.0,5.0,0.7837891195097453,0.479197027188619
222.0,0.0001,0.1,300.0,3.0,3.0,0.8227101231620284,0.5436943042304537
223.0,0.0001,0.1,300.0,3.0,4.0,0.8087768589813531,0.51774556594776
224.0,0.0001,0.1,300.0,3.0,5.0,0.8081004579281547,0.5345107164224574
225.0,0.0001,0.1,500.0,1.0,3.0,0.7556746579561602,0.5026169188078718
226.0,0.0001,0.1,500.0,1.0,4.0,0.7435118858327869,0.4770869872436101
227.0,0.0001,0.1,500.0,1.0,5.0,0.743526837961458,0.4470176664825415
228.0,0.0001,0.1,500.0,2.0,3.0,0.7594916434323896,0.4800024741015028
229.0,0.0001,0.1,500.0,2.0,4.0,0.7644615214159837,0.5108988801496347
230.0,0.0001,0.1,500.0,2.0,5.0,0.7773795360768676,0.5003846351688775
231.0,0.0001,0.1,500.0,3.0,3.0,0.8129390236068406,0.5688940924889031
232.0,0.0001,0.1,500.0,3.0,4.0,0.8044494239651762,0.5541250367484536
233.0,0.0001,0.1,500.0,3.0,5.0,0.7904364438070081,0.5575881554243513
234.0,0.0001,0.1,700.0,1.0,3.0,0.7469930305188521,0.5120427256836848
235.0,0.0001,0.1,700.0,1.0,4.0,0.7439768117732749,0.4967972142627224
236.0,0.0001,0.1,700.0,1.0,5.0,0.7328005741416574,0.4809325919325627
237.0,0.0001,0.1,700.0,2.0,3.0,0.752284257309682,0.4802101751736882
238.0,0.0001,0.1,700.0,2.0,4.0,0.7697782788108894,0.5347546678832803
239.0,0.0001,0.1,700.0,2.0,5.0,0.7670674127545641,0.5208042782930294
240.0,0.0001,0.1,700.0,3.0,3.0,0.7980675004182861,0.5559008183807351
241.0,0.0001,0.1,700.0,3.0,4.0,0.8110915531656956,0.5839148452872568
242.0,0.0001,0.1,700.0,3.0,5.0,0.8031441434092716,0.5541244256186887
243.0,0.0001,0.1,1000.0,1.0,3.0,0.7505087950337925,0.5425558281022366
244.0,0.0001,0.1,1000.0,1.0,4.0,0.7492179667265466,0.5062130288343057
245.0,0.0001,0.1,1000.0,1.0,5.0,0.7480305316961485,0.5041169311968726
246.0,0.0001,0.1,1000.0,2.0,3.0,0.7275961170305147,0.428875674109181
247.0,0.0001,0.1,1000.0,2.0,4.0,0.7580266322571859,0.5499581234298746
248.0,0.0001,0.1,1000.0,2.0,5.0,0.7647130782294361,0.5144393331826627
249.0,0.0001,0.1,1000.0,3.0,3.0,0.8185776230312777,0.5813982864808304
250.0,0.0001,0.1,1000.0,3.0,4.0,0.8019696752782629,0.55616166825645
251.0,0.0001,0.1,1000.0,3.0,5.0,0.8046238211522364,0.556849407901883
252.0,0.0001,0.1,1200.0,1.0,3.0,0.7497105785902063,0.5357679026193679
253.0,0.0001,0.1,1200.0,1.0,4.0,0.7312527659080277,0.5205425009581234
254.0,0.0001,0.1,1200.0,1.0,5.0,0.7459836963589538,0.5192138189614951
255.0,0.0001,0.1,1200.0,2.0,3.0,0.7523070397610546,0.461383448909451
256.0,0.0001,0.1,1200.0,2.0,4.0,0.7492245714357336,0.5022678703912963
257.0,0.0001,0.1,1200.0,2.0,5.0,0.7716925838627121,0.5446779081755392
258.0,0.0001,0.1,1200.0,3.0,3.0,0.8034130529034487,0.5849019900811441
259.0,0.0001,0.1,1200.0,3.0,4.0,0.7947237828316757,0.5850735943510718
260.0,0.0001,0.1,1200.0,3.0,5.0,0.7934891499769486,0.5639285761193303
261.0,0.0001,0.1,1500.0,1.0,3.0,0.7372405928398093,0.516219524791858
262.0,0.0001,0.1,1500.0,1.0,4.0,0.7434707922439512,0.5365464337401117
263.0,0.0001,0.1,1500.0,1.0,5.0,0.7525075122551733,0.5308368309602295
264.0,0.0001,0.1,1500.0,2.0,3.0,0.7630678251554045,0.5107159223841883
265.0,0.0001,0.1,1500.0,2.0,4.0,0.7530487360506243,0.5172812336194598
266.0,0.0001,0.1,1500.0,2.0,5.0,0.7587997191287009,0.56166431560719
267.0,0.0001,0.1,1500.0,3.0,3.0,0.7918638380359612,0.5267822454001444
268.0,0.0001,0.1,1500.0,3.0,4.0,0.7933560540401103,0.5654358245896091
269.0,0.0001,0.1,1500.0,3.0,5.0,0.7874476508671954,0.5572159208813829
270.0,0.0001,0.2,300.0,1.0,3.0,0.7024173540183064,0.4085149902931891
271.0,0.0001,0.2,300.0,1.0,4.0,0.7249702260388345,0.4427263183446138
272.0,0.0001,0.2,300.0,1.0,5.0,0.7203472080870844,0.431784582345493
273.0,0.0001,0.2,300.0,2.0,3.0,0.7695815364190469,0.4809890513979587
274.0,0.0001,0.2,300.0,2.0,4.0,0.7768198310541393,0.4780528804833919
275.0,0.0001,0.2,300.0,2.0,5.0,0.7680582799779524,0.4676442018910928
276.0,0.0001,0.2,300.0,3.0,3.0,0.8203709484269575,0.5305781196727541
277.0,0.0001,0.2,300.0,3.0,4.0,0.7954934124400729,0.51451500366418
278.0,0.0001,0.2,300.0,3.0,5.0,0.8173466026450337,0.5367149386403848
279.0,0.0001,0.2,500.0,1.0,3.0,0.7517112931689383,0.4911803530706164
280.0,0.0001,0.2,500.0,1.0,4.0,0.7480852793709701,0.4758073701894992
281.0,0.0001,0.2,500.0,1.0,5.0,0.7473954827801771,0.4484290062060326
282.0,0.0001,0.2,500.0,2.0,3.0,0.7620191550014163,0.4981115213344864
283.0,0.0001,0.2,500.0,2.0,4.0,0.7695402539546108,0.4920165726792034
284.0,0.0001,0.2,500.0,2.0,5.0,0.7727078349515194,0.4803979234375696
285.0,0.0001,0.2,500.0,3.0,3.0,0.781266615730878,0.5197234976343358
286.0,0.0001,0.2,500.0,3.0,4.0,0.802041397882609,0.5578374530545335
287.0,0.0001,0.2,500.0,3.0,5.0,0.7944604589071934,0.5604081672544309
288.0,0.0001,0.2,700.0,1.0,3.0,0.7456312104294636,0.4961859231184758
289.0,0.0001,0.2,700.0,1.0,4.0,0.7445480823096817,0.501913033311406
290.0,0.0001,0.2,700.0,1.0,5.0,0.7426765456652462,0.4732326931075281
291.0,0.0001,0.2,700.0,2.0,3.0,0.7595305965865787,0.4973311383542828
292.0,0.0001,0.2,700.0,2.0,4.0,0.759676165606829,0.4575351067659963
293.0,0.0001,0.2,700.0,2.0,5.0,0.7842741611681103,0.514370605394418
294.0,0.0001,0.2,700.0,3.0,3.0,0.7890202124907121,0.5572461731866657
295.0,0.0001,0.2,700.0,3.0,4.0,0.8040650634335117,0.5867560212029368
296.0,0.0001,0.2,700.0,3.0,5.0,0.7935024278807501,0.5075110967754118
297.0,0.0001,0.2,1000.0,1.0,3.0,0.7486085997186794,0.5428988572086179
298.0,0.0001,0.2,1000.0,1.0,4.0,0.7458396502595449,0.5013407772047743
299.0,0.0001,0.2,1000.0,1.0,5.0,0.7534431706826634,0.5108639005543089
300.0,0.0001,0.2,1000.0,2.0,3.0,0.7548877872367967,0.4811081714912631
301.0,0.0001,0.2,1000.0,2.0,4.0,0.7787898565282894,0.5397999962266039
302.0,0.0001,0.2,1000.0,2.0,5.0,0.7605408074023554,0.5166948159496368
303.0,0.0001,0.2,1000.0,3.0,3.0,0.8023519787451575,0.571382131115656
304.0,0.0001,0.2,1000.0,3.0,4.0,0.7972027355186136,0.5420662399390056
305.0,0.0001,0.2,1000.0,3.0,5.0,0.7968343844203657,0.5805494918921641
306.0,0.0001,0.2,1200.0,1.0,3.0,0.7432318582489228,0.5321173071123059
307.0,0.0001,0.2,1200.0,1.0,4.0,0.7338825091307961,0.5269560043632532
308.0,0.0001,0.2,1200.0,1.0,5.0,0.7329724868131059,0.4845803006049126
309.0,0.0001,0.2,1200.0,2.0,3.0,0.7419925174557133,0.4514458598084653
310.0,0.0001,0.2,1200.0,2.0,4.0,0.7861722933544186,0.5488016284468559
311.0,0.0001,0.2,1200.0,2.0,5.0,0.7638439937015349,0.5161361648396873
312.0,0.0001,0.2,1200.0,3.0,3.0,0.7883818951872231,0.5403407939584417
313.0,0.0001,0.2,1200.0,3.0,4.0,0.8010024323045272,0.5630979356184852
314.0,0.0001,0.2,1200.0,3.0,5.0,0.7849684656690505,0.5630760088643508
315.0,0.0001,0.2,1500.0,1.0,3.0,0.7387116624522015,0.5084761473104761
316.0,0.0001,0.2,1500.0,1.0,4.0,0.7425959735987062,0.5258881160338138
317.0,0.0001,0.2,1500.0,1.0,5.0,0.753319857221255,0.4864254361307745
318.0,0.0001,0.2,1500.0,2.0,3.0,0.7623937009564319,0.5241814613656689
319.0,0.0001,0.2,1500.0,2.0,4.0,0.7536303983495339,0.486380804434988
320.0,0.0001,0.2,1500.0,2.0,5.0,0.7756126758675163,0.5559099054400426
321.0,0.0001,0.2,1500.0,3.0,3.0,0.7828713839094649,0.5284685369708609
322.0,0.0001,0.2,1500.0,3.0,4.0,0.7955180818664016,0.5611573247036454
323.0,0.0001,0.2,1500.0,3.0,5.0,0.8020445380772799,0.5500925910672425
324.0,0.0001,0.3,300.0,1.0,3.0,0.7236038583050287,0.426612400853499
325.0,0.0001,0.3,300.0,1.0,4.0,0.7039498405987977,0.4210350855724873
326.0,0.0001,0.3,300.0,1.0,5.0,0.6965638680163456,0.4199430721014903
327.0,0.0001,0.3,300.0,2.0,3.0,0.7272480429195438,0.3788374832057667
328.0,0.0001,0.3,300.0,2.0,4.0,0.7647938385778943,0.4740226740274072
329.0,0.0001,0.3,300.0,2.0,5.0,0.7389331028519074,0.3862188615740167
330.0,0.0001,0.3,300.0,3.0,3.0,0.7782503842635494,0.4961849441070209
331.0,0.0001,0.3,300.0,3.0,4.0,0.786154473870235,0.4859713805540696
332.0,0.0001,0.3,300.0,3.0,5.0,0.7803554124106141,0.5017147751342388
333.0,0.0001,0.3,500.0,1.0,3.0,0.706422150411295,0.4348294071742069
334.0,0.0001,0.3,500.0,1.0,4.0,0.7434841938455806,0.4747472346673237
335.0,0.0001,0.3,500.0,1.0,5.0,0.7416599456467486,0.4514328559607765
336.0,0.0001,0.3,500.0,2.0,3.0,0.7618497462250474,0.4933832980462789
337.0,0.0001,0.3,500.0,2.0,4.0,0.7651782576296148,0.4718883599846786
338.0,0.0001,0.3,500.0,2.0,5.0,0.771745593703908,0.4656925382631272
339.0,0.0001,0.3,500.0,3.0,3.0,0.7820802123476587,0.4991439020040678
340.0,0.0001,0.3,500.0,3.0,4.0,0.7904528221712108,0.5440877802456994
341.0,0.0001,0.3,500.0,3.0,5.0,0.7905029652505758,0.5508467260173646
342.0,0.0001,0.3,700.0,1.0,3.0,0.7423116518301159,0.4736711905683561
343.0,0.0001,0.3,700.0,1.0,4.0,0.7429725041893219,0.4701511953443592
344.0,0.0001,0.3,700.0,1.0,5.0,0.7386742210661182,0.4434726240014048
345.0,0.0001,0.3,700.0,2.0,3.0,0.7743371482649253,0.507168045996703
346.0,0.0001,0.3,700.0,2.0,4.0,0.7646427221532028,0.4555952766451009
347.0,0.0001,0.3,700.0,2.0,5.0,0.7638176582770694,0.4968736537254852
348.0,0.0001,0.3,700.0,3.0,3.0,0.7792552171710172,0.5070384732594803
349.0,0.0001,0.3,700.0,3.0,4.0,0.7885755380939986,0.5446765091524836
350.0,0.0001,0.3,700.0,3.0,5.0,0.7945974010110851,0.5014105334819837
351.0,0.0001,0.3,1000.0,1.0,3.0,0.7467644755645755,0.5279283189501456
352.0,0.0001,0.3,1000.0,1.0,4.0,0.7459306080245526,0.5104819309053006
353.0,0.0001,0.3,1000.0,1.0,5.0,0.7601561215755114,0.5011019389034527
354.0,0.0001,0.3,1000.0,2.0,3.0,0.7636714971865163,0.5133287956219911
355.0,0.0001,0.3,1000.0,2.0,4.0,0.780914415955979,0.529358185618347
356.0,0.0001,0.3,1000.0,2.0,5.0,0.7759913204739415,0.496236452694404
357.0,0.0001,0.3,1000.0,3.0,3.0,0.78408776317145,0.5886834450247432
358.0,0.0001,0.3,1000.0,3.0,4.0,0.7943828906157454,0.5421851303910489
359.0,0.0001,0.3,1000.0,3.0,5.0,0.8059465195666379,0.5715267806199646
360.0,0.0001,0.3,1200.0,1.0,3.0,0.7434872943059818,0.5215693016056598
361.0,0.0001,0.3,1200.0,1.0,4.0,0.7386322326292999,0.5256917157126169
362.0,0.0001,0.3,1200.0,1.0,5.0,0.7453825088434541,0.504484896341537
363.0,0.0001,0.3,1200.0,2.0,3.0,0.7667957087156974,0.4819775256739185
364.0,0.0001,0.3,1200.0,2.0,4.0,0.7680628912311254,0.515048547818352
365.0,0.0001,0.3,1200.0,2.0,5.0,0.772162576113415,0.5028590013817257
366.0,0.0001,0.3,1200.0,3.0,3.0,0.7837453077067272,0.5662593622397328
367.0,0.0001,0.3,1200.0,3.0,4.0,0.7968037720279438,0.5784737888116807
368.0,0.0001,0.3,1200.0,3.0,5.0,0.7764235211935612,0.5445820658150645
369.0,0.0001,0.3,1500.0,1.0,3.0,0.7385558342725022,0.5005133251475505
370.0,0.0001,0.3,1500.0,1.0,4.0,0.7475531177877995,0.5209457732798094
371.0,0.0001,0.3,1500.0,1.0,5.0,0.7535586420749528,0.5238969351811307
372.0,0.0001,0.3,1500.0,2.0,3.0,0.7835469801422738,0.5745924400004174
373.0,0.0001,0.3,1500.0,2.0,4.0,0.7572749961241234,0.5373571710460716
374.0,0.0001,0.3,1500.0,2.0,5.0,0.7668105753117941,0.5539063836968978
375.0,0.0001,0.3,1500.0,3.0,3.0,0.7773499997749777,0.5455322447706022
376.0,0.0001,0.3,1500.0,3.0,4.0,0.7891596457679322,0.5808253451156514
377.0,0.0001,0.3,1500.0,3.0,5.0,0.7902618068573427,0.5494881667399892
378.0,0.0001,0.4,300.0,1.0,3.0,0.7119494671224452,0.4166725292079511
379.0,0.0001,0.4,300.0,1.0,4.0,0.7127722750928367,0.4189937567407584
380.0,0.0001,0.4,300.0,1.0,5.0,0.7088675123742219,0.414515782703829
381.0,0.0001,0.4,300.0,2.0,3.0,0.7626387258715205,0.4663028556465429
382.0,0.0001,0.4,300.0,2.0,4.0,0.7365303446769064,0.410789555466085
383.0,0.0001,0.4,300.0,2.0,5.0,0.7200485634500455,0.373325689066795
384.0,0.0001,0.4,300.0,3.0,3.0,0.7261610801670967,0.4258481229190816
385.0,0.0001,0.4,300.0,3.0,4.0,0.7574900582618144,0.4571363110842052
386.0,0.0001,0.4,300.0,3.0,5.0,0.743367387814368,0.4521389975949368
387.0,0.0001,0.4,500.0,1.0,3.0,0.7027596552529984,0.4342679826235812
388.0,0.0001,0.4,500.0,1.0,4.0,0.6958646209030183,0.4351207841635859
389.0,0.0001,0.4,500.0,1.0,5.0,0.7045888721014016,0.4299531586846392
390.0,0.0001,0.4,500.0,2.0,3.0,0.7593454375188662,0.4916165933927869
391.0,0.0001,0.4,500.0,2.0,4.0,0.7663104909034834,0.4827965941483667
392.0,0.0001,0.4,500.0,2.0,5.0,0.7716935763713382,0.495390428952737
393.0,0.0001,0.4,500.0,3.0,3.0,0.7588345460252807,0.4608940364094627
394.0,0.0001,0.4,500.0,3.0,4.0,0.774501237653041,0.5012144159258253
395.0,0.0001,0.4,500.0,3.0,5.0,0.7258894546214348,0.4557287418126556
396.0,0.0001,0.4,700.0,1.0,3.0,0.7412447402114553,0.4557321677097318
397.0,0.0001,0.4,700.0,1.0,4.0,0.7421973481249671,0.4709702582315072
398.0,0.0001,0.4,700.0,1.0,5.0,0.7359523269476987,0.4416696580576441
399.0,0.0001,0.4,700.0,2.0,3.0,0.7541256184266333,0.4737317751023447
400.0,0.0001,0.4,700.0,2.0,4.0,0.7670279209614272,0.4822267822826996
401.0,0.0001,0.4,700.0,2.0,5.0,0.7377497547265018,0.4374081707081994
402.0,0.0001,0.4,700.0,3.0,3.0,0.7622809996406638,0.4472151895290622
403.0,0.0001,0.4,700.0,3.0,4.0,0.7621679100146418,0.4599986966419346
404.0,0.0001,0.4,700.0,3.0,5.0,0.7849588002337321,0.5244315459192718
405.0,0.0001,0.4,1000.0,1.0,3.0,0.7508444336329235,0.5044708012010094
406.0,0.0001,0.4,1000.0,1.0,4.0,0.7489562518491617,0.5023262886472705
407.0,0.0001,0.4,1000.0,1.0,5.0,0.7503462953133063,0.481809010202124
408.0,0.0001,0.4,1000.0,2.0,3.0,0.76384458360914,0.5054330410942574
409.0,0.0001,0.4,1000.0,2.0,4.0,0.7642144537268925,0.4879899142205604
410.0,0.0001,0.4,1000.0,2.0,5.0,0.7386937042161178,0.4459869024788499
411.0,0.0001,0.4,1000.0,3.0,3.0,0.7737091575461669,0.533991875264153
412.0,0.0001,0.4,1000.0,3.0,4.0,0.7439709570961354,0.4452458304681887
413.0,0.0001,0.4,1000.0,3.0,5.0,0.7794353872343566,0.5186933352186931
414.0,0.0001,0.4,1200.0,1.0,3.0,0.7434943712889809,0.5113493610248054
415.0,0.0001,0.4,1200.0,1.0,4.0,0.7425120021954229,0.5093999001616608
416.0,0.0001,0.4,1200.0,1.0,5.0,0.7482330097743507,0.4932366853358716
417.0,0.0001,0.4,1200.0,2.0,3.0,0.7516490023013404,0.4682100672672877
418.0,0.0001,0.4,1200.0,2.0,4.0,0.7804461685782705,0.543917416924901
419.0,0.0001,0.4,1200.0,2.0,5.0,0.7696301804520571,0.5155113057865545
420.0,0.0001,0.4,1200.0,3.0,3.0,0.7724488631381375,0.5245380615491021
421.0,0.0001,0.4,1200.0,3.0,4.0,0.7830395592272389,0.5629796247645232
422.0,0.0001,0.4,1200.0,3.0,5.0,0.7741350336471561,0.529995811056311
423.0,0.0001,0.4,1500.0,1.0,3.0,0.7422567992432524,0.5283233964324627
424.0,0.0001,0.4,1500.0,1.0,4.0,0.74861140189642,0.5013248890160474
425.0,0.0001,0.4,1500.0,1.0,5.0,0.7575892425048577,0.5076810790803178
426.0,0.0001,0.4,1500.0,2.0,3.0,0.7677830188526263,0.5646484058725944
427.0,0.0001,0.4,1500.0,2.0,4.0,0.7659536722423606,0.5513335560169894
428.0,0.0001,0.4,1500.0,2.0,5.0,0.7806876191901297,0.563565197061088
429.0,0.0001,0.4,1500.0,3.0,3.0,0.7768060389795585,0.5627052853658286
430.0,0.0001,0.4,1500.0,3.0,4.0,0.7750316543632167,0.5384359181118681
431.0,0.0001,0.4,1500.0,3.0,5.0,0.7758875195073722,0.5495800399163983
